apt_id,ttp_id
APT-C-36,T1027
APT-C-36,T1036.004
APT-C-36,T1053.005
APT-C-36,T1059.005
APT-C-36,T1105
APT-C-36,T1204.002
APT-C-36,T1566.001
APT-C-36,T1571
APT-C-36,T1588.002
APT1,T1003.001
APT1,T1005
APT1,T1007
APT1,T1016
APT1,T1021.001
APT1,T1036.005
APT1,T1049
APT1,T1057
APT1,T1059.003
APT1,T1087.001
APT1,T1114.001
APT1,T1114.002
APT1,T1119
APT1,T1135
APT1,T1550.002
APT1,T1560.001
APT1,T1566.001
APT1,T1566.002
APT1,T1583.001
APT1,T1584.001
APT1,T1585.002
APT1,T1588.001
APT1,T1588.002
APT12,T1102.002
APT12,T1203
APT12,T1204.002
APT12,T1566.001
APT12,T1568.003
APT16,T1584.004
APT17,T1583.006
APT17,T1585
APT18,T1027.013
APT18,T1053.002
APT18,T1059.003
APT18,T1070.004
APT18,T1071.001
APT18,T1071.004
APT18,T1078
APT18,T1082
APT18,T1083
APT18,T1105
APT18,T1133
APT18,T1547.001
APT19,T1016
APT19,T1027.010
APT19,T1027.013
APT19,T1033
APT19,T1059
APT19,T1059.001
APT19,T1071.001
APT19,T1082
APT19,T1112
APT19,T1132.001
APT19,T1140
APT19,T1189
APT19,T1204.002
APT19,T1218.010
APT19,T1218.011
APT19,T1543.003
APT19,T1547.001
APT19,T1564.003
APT19,T1566.001
APT19,T1574.001
APT19,T1588.002
APT28,T1001.001
APT28,T1003
APT28,T1003.001
APT28,T1003.003
APT28,T1005
APT28,T1014
APT28,T1021.002
APT28,T1025
APT28,T1027.013
APT28,T1030
APT28,T1036
APT28,T1036.005
APT28,T1037.001
APT28,T1039
APT28,T1040
APT28,T1048.002
APT28,T1056.001
APT28,T1057
APT28,T1059.001
APT28,T1059.003
APT28,T1068
APT28,T1070.001
APT28,T1070.004
APT28,T1070.006
APT28,T1071.001
APT28,T1071.003
APT28,T1074.001
APT28,T1074.002
APT28,T1078
APT28,T1078.004
APT28,T1083
APT28,T1090.002
APT28,T1090.003
APT28,T1091
APT28,T1092
APT28,T1098.002
APT28,T1102.002
APT28,T1105
APT28,T1110
APT28,T1110.001
APT28,T1110.003
APT28,T1113
APT28,T1114.002
APT28,T1119
APT28,T1120
APT28,T1133
APT28,T1134.001
APT28,T1137.002
APT28,T1140
APT28,T1189
APT28,T1190
APT28,T1199
APT28,T1203
APT28,T1204.001
APT28,T1204.002
APT28,T1210
APT28,T1211
APT28,T1213
APT28,T1213.002
APT28,T1218.011
APT28,T1221
APT28,T1498
APT28,T1505.003
APT28,T1528
APT28,T1542.003
APT28,T1546.015
APT28,T1547.001
APT28,T1550.001
APT28,T1550.002
APT28,T1557.004
APT28,T1559.002
APT28,T1560
APT28,T1560.001
APT28,T1564.001
APT28,T1564.003
APT28,T1566.001
APT28,T1567
APT28,T1573.001
APT28,T1583.001
APT28,T1583.003
APT28,T1583.006
APT28,T1584.008
APT28,T1586.002
APT28,T1588.002
APT28,T1589.001
APT28,T1591
APT28,T1595.002
APT28,T1596
APT28,T1598
APT28,T1598.003
APT28,T1669
APT29,T1003.002
APT29,T1003.004
APT29,T1005
APT29,T1016.001
APT29,T1021.007
APT29,T1027.001
APT29,T1027.002
APT29,T1027.006
APT29,T1036.005
APT29,T1037
APT29,T1037.004
APT29,T1047
APT29,T1053.005
APT29,T1059.001
APT29,T1059.006
APT29,T1059.009
APT29,T1068
APT29,T1070.004
APT29,T1070.006
APT29,T1078
APT29,T1078.003
APT29,T1078.004
APT29,T1087.004
APT29,T1090.002
APT29,T1090.003
APT29,T1090.004
APT29,T1098.002
APT29,T1098.005
APT29,T1105
APT29,T1110.001
APT29,T1110.003
APT29,T1114.002
APT29,T1133
APT29,T1136.003
APT29,T1190
APT29,T1199
APT29,T1203
APT29,T1204.001
APT29,T1204.002
APT29,T1218.005
APT29,T1505.003
APT29,T1528
APT29,T1546.003
APT29,T1546.008
APT29,T1547.001
APT29,T1548.002
APT29,T1550.003
APT29,T1553.005
APT29,T1556.007
APT29,T1562.008
APT29,T1566.001
APT29,T1566.002
APT29,T1566.003
APT29,T1568
APT29,T1573
APT29,T1583.006
APT29,T1586.002
APT29,T1586.003
APT29,T1587.001
APT29,T1587.003
APT29,T1588.002
APT29,T1595.002
APT29,T1621
APT29,T1649
APT29,T1651
APT29,T1665
APT3,T1003.001
APT3,T1005
APT3,T1016
APT3,T1018
APT3,T1021.001
APT3,T1021.002
APT3,T1027
APT3,T1027.002
APT3,T1027.005
APT3,T1033
APT3,T1036.010
APT3,T1041
APT3,T1049
APT3,T1053.005
APT3,T1056.001
APT3,T1057
APT3,T1059.001
APT3,T1059.003
APT3,T1069
APT3,T1070.004
APT3,T1074.001
APT3,T1078.002
APT3,T1082
APT3,T1083
APT3,T1087.001
APT3,T1090.002
APT3,T1095
APT3,T1098.007
APT3,T1104
APT3,T1105
APT3,T1110.002
APT3,T1136.001
APT3,T1203
APT3,T1204.001
APT3,T1218.011
APT3,T1543.003
APT3,T1546.008
APT3,T1547.001
APT3,T1552.001
APT3,T1555.003
APT3,T1560.001
APT3,T1564.003
APT3,T1566.002
APT3,T1574.001
APT30,T1204.002
APT30,T1566.001
APT32,T1003
APT32,T1003.001
APT32,T1012
APT32,T1016
APT32,T1018
APT32,T1021.002
APT32,T1027.010
APT32,T1027.011
APT32,T1027.013
APT32,T1027.016
APT32,T1033
APT32,T1036
APT32,T1036.003
APT32,T1036.004
APT32,T1036.005
APT32,T1041
APT32,T1046
APT32,T1047
APT32,T1048.003
APT32,T1049
APT32,T1053.005
APT32,T1055
APT32,T1056.001
APT32,T1059
APT32,T1059.001
APT32,T1059.003
APT32,T1059.005
APT32,T1059.007
APT32,T1068
APT32,T1070.001
APT32,T1070.004
APT32,T1070.006
APT32,T1071.001
APT32,T1071.003
APT32,T1072
APT32,T1078.003
APT32,T1082
APT32,T1083
APT32,T1087.001
APT32,T1102
APT32,T1105
APT32,T1112
APT32,T1135
APT32,T1137
APT32,T1189
APT32,T1203
APT32,T1204.001
APT32,T1204.002
APT32,T1216.001
APT32,T1218.005
APT32,T1218.010
APT32,T1218.011
APT32,T1222.002
APT32,T1505.003
APT32,T1543.003
APT32,T1547.001
APT32,T1550.002
APT32,T1550.003
APT32,T1552.002
APT32,T1560
APT32,T1564.001
APT32,T1564.003
APT32,T1564.004
APT32,T1566.001
APT32,T1566.002
APT32,T1569.002
APT32,T1570
APT32,T1571
APT32,T1574.001
APT32,T1583.001
APT32,T1583.006
APT32,T1585.001
APT32,T1588.002
APT32,T1589
APT32,T1589.002
APT32,T1598.003
APT32,T1608.001
APT32,T1608.004
APT33,T1003.001
APT33,T1003.004
APT33,T1003.005
APT33,T1027.013
APT33,T1040
APT33,T1048.003
APT33,T1053.005
APT33,T1059.001
APT33,T1059.005
APT33,T1068
APT33,T1071.001
APT33,T1078
APT33,T1078.004
APT33,T1105
APT33,T1110.003
APT33,T1132.001
APT33,T1203
APT33,T1204.001
APT33,T1204.002
APT33,T1546.003
APT33,T1547.001
APT33,T1552.001
APT33,T1552.006
APT33,T1555
APT33,T1555.003
APT33,T1560.001
APT33,T1566.001
APT33,T1566.002
APT33,T1571
APT33,T1573.001
APT33,T1588.002
APT37,T1005
APT37,T1027
APT37,T1027.003
APT37,T1033
APT37,T1036.001
APT37,T1053.005
APT37,T1055
APT37,T1057
APT37,T1059
APT37,T1059.003
APT37,T1059.005
APT37,T1059.006
APT37,T1071.001
APT37,T1082
APT37,T1102.002
APT37,T1105
APT37,T1106
APT37,T1120
APT37,T1123
APT37,T1189
APT37,T1203
APT37,T1204.002
APT37,T1529
APT37,T1547.001
APT37,T1548.002
APT37,T1555.003
APT37,T1559.002
APT37,T1561.002
APT37,T1566.001
APT38,T1005
APT38,T1027.002
APT38,T1033
APT38,T1036.003
APT38,T1036.006
APT38,T1049
APT38,T1053.003
APT38,T1053.005
APT38,T1055
APT38,T1056.001
APT38,T1057
APT38,T1059.001
APT38,T1059.003
APT38,T1059.005
APT38,T1070.001
APT38,T1070.004
APT38,T1070.006
APT38,T1071.001
APT38,T1082
APT38,T1083
APT38,T1105
APT38,T1106
APT38,T1110
APT38,T1112
APT38,T1115
APT38,T1135
APT38,T1140
APT38,T1189
APT38,T1204.001
APT38,T1204.002
APT38,T1217
APT38,T1218.001
APT38,T1218.005
APT38,T1218.007
APT38,T1218.011
APT38,T1480.002
APT38,T1485
APT38,T1486
APT38,T1505.003
APT38,T1518.001
APT38,T1529
APT38,T1543.003
APT38,T1548.002
APT38,T1553.005
APT38,T1561.002
APT38,T1562.001
APT38,T1562.003
APT38,T1562.004
APT38,T1565.001
APT38,T1565.002
APT38,T1565.003
APT38,T1566.001
APT38,T1569.002
APT38,T1583.001
APT38,T1588.002
APT39,T1003
APT39,T1003.001
APT39,T1005
APT39,T1012
APT39,T1018
APT39,T1021.001
APT39,T1021.002
APT39,T1021.004
APT39,T1027.002
APT39,T1027.013
APT39,T1033
APT39,T1036.005
APT39,T1041
APT39,T1046
APT39,T1053.005
APT39,T1056
APT39,T1056.001
APT39,T1059
APT39,T1059.001
APT39,T1059.005
APT39,T1059.006
APT39,T1059.010
APT39,T1070.004
APT39,T1071.001
APT39,T1071.004
APT39,T1074.001
APT39,T1078
APT39,T1083
APT39,T1090.001
APT39,T1090.002
APT39,T1102.002
APT39,T1105
APT39,T1110
APT39,T1113
APT39,T1115
APT39,T1135
APT39,T1136.001
APT39,T1140
APT39,T1190
APT39,T1197
APT39,T1204.001
APT39,T1204.002
APT39,T1505.003
APT39,T1546.010
APT39,T1547.001
APT39,T1547.009
APT39,T1553.006
APT39,T1555
APT39,T1560.001
APT39,T1566.001
APT39,T1566.002
APT39,T1569.002
APT39,T1588.002
APT41,T1003.001
APT41,T1003.002
APT41,T1003.003
APT41,T1005
APT41,T1008
APT41,T1012
APT41,T1014
APT41,T1016
APT41,T1018
APT41,T1021.001
APT41,T1021.002
APT41,T1027
APT41,T1027.002
APT41,T1030
APT41,T1033
APT41,T1036.004
APT41,T1036.005
APT41,T1037
APT41,T1046
APT41,T1047
APT41,T1049
APT41,T1053.005
APT41,T1055
APT41,T1056.001
APT41,T1059.001
APT41,T1059.003
APT41,T1059.004
APT41,T1069
APT41,T1070.001
APT41,T1070.003
APT41,T1070.004
APT41,T1071.001
APT41,T1071.002
APT41,T1071.004
APT41,T1078
APT41,T1082
APT41,T1083
APT41,T1087.001
APT41,T1087.002
APT41,T1090
APT41,T1098.007
APT41,T1102.001
APT41,T1104
APT41,T1105
APT41,T1110
APT41,T1112
APT41,T1133
APT41,T1135
APT41,T1136.001
APT41,T1190
APT41,T1195.002
APT41,T1197
APT41,T1203
APT41,T1213.003
APT41,T1218.001
APT41,T1218.011
APT41,T1480.001
APT41,T1484.001
APT41,T1486
APT41,T1496.001
APT41,T1542.003
APT41,T1543.003
APT41,T1546.008
APT41,T1547.001
APT41,T1550.002
APT41,T1553.002
APT41,T1555
APT41,T1555.003
APT41,T1560.001
APT41,T1562.006
APT41,T1566.001
APT41,T1568.002
APT41,T1569.002
APT41,T1570
APT41,T1574.001
APT41,T1574.006
APT41,T1588.002
APT41,T1595.002
APT41,T1595.003
APT41,T1596.005
APT41,T1599
APT41,T1656
APT42,T1016
APT42,T1036.005
APT42,T1047
APT42,T1053.005
APT42,T1056
APT42,T1056.001
APT42,T1059.001
APT42,T1059.005
APT42,T1070
APT42,T1070.008
APT42,T1071.001
APT42,T1082
APT42,T1087.001
APT42,T1102
APT42,T1111
APT42,T1112
APT42,T1113
APT42,T1132.001
APT42,T1518.001
APT42,T1530
APT42,T1539
APT42,T1547
APT42,T1555.003
APT42,T1566.002
APT42,T1573.002
APT42,T1583.001
APT42,T1583.003
APT42,T1585.002
APT42,T1588.002
APT42,T1608.001
APT42,T1656
APT5,T1003.001
APT5,T1003.002
APT5,T1021.001
APT5,T1021.004
APT5,T1036.005
APT5,T1049
APT5,T1053.003
APT5,T1055
APT5,T1056.001
APT5,T1057
APT5,T1059.001
APT5,T1059.003
APT5,T1070
APT5,T1070.003
APT5,T1070.004
APT5,T1070.006
APT5,T1074.001
APT5,T1078.002
APT5,T1078.004
APT5,T1083
APT5,T1098.007
APT5,T1136.001
APT5,T1190
APT5,T1505.003
APT5,T1554
APT5,T1560.001
APT5,T1562.006
APT5,T1583.005
APT5,T1654
Agrius,T1003.001
Agrius,T1003.002
Agrius,T1005
Agrius,T1018
Agrius,T1021.001
Agrius,T1036
Agrius,T1041
Agrius,T1046
Agrius,T1059.003
Agrius,T1074.001
Agrius,T1078.002
Agrius,T1110
Agrius,T1110.003
Agrius,T1119
Agrius,T1140
Agrius,T1190
Agrius,T1505.003
Agrius,T1543.003
Agrius,T1560.001
Agrius,T1562.001
Agrius,T1570
Agrius,T1583
Ajax Security Team,T1056.001
Ajax Security Team,T1105
Ajax Security Team,T1204.002
Ajax Security Team,T1555.003
Ajax Security Team,T1566.001
Ajax Security Team,T1566.003
Akira,T1018
Akira,T1021.001
Akira,T1027.001
Akira,T1036.005
Akira,T1059.001
Akira,T1078
Akira,T1133
Akira,T1213.002
Akira,T1219
Akira,T1482
Akira,T1486
Akira,T1531
Akira,T1558
Akira,T1560.001
Akira,T1562.001
Akira,T1567.002
Akira,T1657
Andariel,T1005
Andariel,T1027.003
Andariel,T1049
Andariel,T1057
Andariel,T1105
Andariel,T1189
Andariel,T1203
Andariel,T1204.002
Andariel,T1566.001
Andariel,T1588.001
Andariel,T1590.005
Andariel,T1592.002
Aoqin Dragon,T1027.002
Aoqin Dragon,T1036
Aoqin Dragon,T1083
Aoqin Dragon,T1091
Aoqin Dragon,T1203
Aoqin Dragon,T1204.002
Aoqin Dragon,T1570
Aoqin Dragon,T1587.001
Aoqin Dragon,T1588.002
Aquatic Panda,T1003.001
Aquatic Panda,T1005
Aquatic Panda,T1007
Aquatic Panda,T1021
Aquatic Panda,T1021.001
Aquatic Panda,T1021.002
Aquatic Panda,T1021.004
Aquatic Panda,T1027.010
Aquatic Panda,T1033
Aquatic Panda,T1036.004
Aquatic Panda,T1036.005
Aquatic Panda,T1047
Aquatic Panda,T1059.001
Aquatic Panda,T1059.003
Aquatic Panda,T1059.004
Aquatic Panda,T1070.001
Aquatic Panda,T1070.003
Aquatic Panda,T1070.004
Aquatic Panda,T1078.002
Aquatic Panda,T1082
Aquatic Panda,T1087
Aquatic Panda,T1105
Aquatic Panda,T1112
Aquatic Panda,T1218.011
Aquatic Panda,T1518.001
Aquatic Panda,T1543.003
Aquatic Panda,T1550.002
Aquatic Panda,T1560.001
Aquatic Panda,T1562.001
Aquatic Panda,T1574.001
Aquatic Panda,T1574.006
Aquatic Panda,T1588.001
Aquatic Panda,T1588.002
Aquatic Panda,T1595.002
Aquatic Panda,T1654
Axiom,T1001.002
Axiom,T1003
Axiom,T1005
Axiom,T1021.001
Axiom,T1078
Axiom,T1189
Axiom,T1190
Axiom,T1203
Axiom,T1546.008
Axiom,T1553
Axiom,T1560
Axiom,T1563.002
Axiom,T1566
Axiom,T1583.002
Axiom,T1583.003
Axiom,T1584.005
BITTER,T1027.013
BITTER,T1036.004
BITTER,T1053.005
BITTER,T1068
BITTER,T1071.001
BITTER,T1095
BITTER,T1105
BITTER,T1203
BITTER,T1204.002
BITTER,T1559.002
BITTER,T1566.001
BITTER,T1568
BITTER,T1573
BITTER,T1583.001
BITTER,T1588.002
BITTER,T1608.001
BRONZE BUTLER,T1003.001
BRONZE BUTLER,T1005
BRONZE BUTLER,T1007
BRONZE BUTLER,T1018
BRONZE BUTLER,T1027.001
BRONZE BUTLER,T1027.003
BRONZE BUTLER,T1036
BRONZE BUTLER,T1036.002
BRONZE BUTLER,T1036.005
BRONZE BUTLER,T1039
BRONZE BUTLER,T1053.002
BRONZE BUTLER,T1053.005
BRONZE BUTLER,T1059.001
BRONZE BUTLER,T1059.003
BRONZE BUTLER,T1059.005
BRONZE BUTLER,T1059.006
BRONZE BUTLER,T1070.004
BRONZE BUTLER,T1071.001
BRONZE BUTLER,T1080
BRONZE BUTLER,T1083
BRONZE BUTLER,T1087.002
BRONZE BUTLER,T1102.001
BRONZE BUTLER,T1105
BRONZE BUTLER,T1113
BRONZE BUTLER,T1124
BRONZE BUTLER,T1132.001
BRONZE BUTLER,T1140
BRONZE BUTLER,T1189
BRONZE BUTLER,T1203
BRONZE BUTLER,T1204.002
BRONZE BUTLER,T1518
BRONZE BUTLER,T1547.001
BRONZE BUTLER,T1548.002
BRONZE BUTLER,T1550.003
BRONZE BUTLER,T1560.001
BRONZE BUTLER,T1562.001
BRONZE BUTLER,T1566.001
BRONZE BUTLER,T1573.001
BRONZE BUTLER,T1574.001
BRONZE BUTLER,T1588.002
BackdoorDiplomacy,T1027
BackdoorDiplomacy,T1036.004
BackdoorDiplomacy,T1036.005
BackdoorDiplomacy,T1046
BackdoorDiplomacy,T1049
BackdoorDiplomacy,T1055.001
BackdoorDiplomacy,T1074.001
BackdoorDiplomacy,T1095
BackdoorDiplomacy,T1105
BackdoorDiplomacy,T1120
BackdoorDiplomacy,T1190
BackdoorDiplomacy,T1505.003
BackdoorDiplomacy,T1574.001
BackdoorDiplomacy,T1588.001
BackdoorDiplomacy,T1588.002
BlackByte,T1003
BlackByte,T1012
BlackByte,T1016
BlackByte,T1018
BlackByte,T1021.001
BlackByte,T1021.002
BlackByte,T1036.008
BlackByte,T1041
BlackByte,T1046
BlackByte,T1047
BlackByte,T1053.005
BlackByte,T1055
BlackByte,T1055.012
BlackByte,T1059.001
BlackByte,T1059.003
BlackByte,T1068
BlackByte,T1070.004
BlackByte,T1071.001
BlackByte,T1078
BlackByte,T1078.002
BlackByte,T1082
BlackByte,T1087.002
BlackByte,T1105
BlackByte,T1112
BlackByte,T1134.003
BlackByte,T1135
BlackByte,T1136.002
BlackByte,T1140
BlackByte,T1190
BlackByte,T1219
BlackByte,T1480
BlackByte,T1482
BlackByte,T1486
BlackByte,T1490
BlackByte,T1491.001
BlackByte,T1505.003
BlackByte,T1518.001
BlackByte,T1543.003
BlackByte,T1547.001
BlackByte,T1560
BlackByte,T1562
BlackByte,T1562.001
BlackByte,T1562.004
BlackByte,T1567
BlackByte,T1569.002
BlackByte,T1570
BlackByte,T1583.003
BlackByte,T1608.001
BlackByte,T1614.001
BlackOasis,T1027
BlackTech,T1021.004
BlackTech,T1036.002
BlackTech,T1046
BlackTech,T1106
BlackTech,T1190
BlackTech,T1203
BlackTech,T1204.001
BlackTech,T1204.002
BlackTech,T1566.001
BlackTech,T1566.002
BlackTech,T1574.001
BlackTech,T1588.002
BlackTech,T1588.003
BlackTech,T1588.004
Blue Mockingbird,T1003.001
Blue Mockingbird,T1021.001
Blue Mockingbird,T1021.002
Blue Mockingbird,T1027.013
Blue Mockingbird,T1036.005
Blue Mockingbird,T1047
Blue Mockingbird,T1053.005
Blue Mockingbird,T1059.001
Blue Mockingbird,T1059.003
Blue Mockingbird,T1082
Blue Mockingbird,T1090
Blue Mockingbird,T1112
Blue Mockingbird,T1134
Blue Mockingbird,T1190
Blue Mockingbird,T1218.010
Blue Mockingbird,T1218.011
Blue Mockingbird,T1496.001
Blue Mockingbird,T1543.003
Blue Mockingbird,T1546.003
Blue Mockingbird,T1569.002
Blue Mockingbird,T1574.012
Blue Mockingbird,T1588.002
CURIUM,T1005
CURIUM,T1041
CURIUM,T1048.002
CURIUM,T1059.001
CURIUM,T1082
CURIUM,T1124
CURIUM,T1189
CURIUM,T1204.002
CURIUM,T1505.003
CURIUM,T1566.001
CURIUM,T1566.003
CURIUM,T1583.001
CURIUM,T1583.003
CURIUM,T1583.004
CURIUM,T1584.006
CURIUM,T1585.001
CURIUM,T1585.002
CURIUM,T1598.003
CURIUM,T1608.004
Carbanak,T1036.004
Carbanak,T1036.005
Carbanak,T1078
Carbanak,T1102.002
Carbanak,T1218.011
Carbanak,T1219
Carbanak,T1543.003
Carbanak,T1562.004
Carbanak,T1588.002
Chimera,T1003.003
Chimera,T1007
Chimera,T1012
Chimera,T1016
Chimera,T1018
Chimera,T1021.001
Chimera,T1021.002
Chimera,T1021.006
Chimera,T1027.010
Chimera,T1033
Chimera,T1036.005
Chimera,T1039
Chimera,T1041
Chimera,T1046
Chimera,T1047
Chimera,T1049
Chimera,T1053.005
Chimera,T1057
Chimera,T1059.001
Chimera,T1059.003
Chimera,T1069.001
Chimera,T1070.001
Chimera,T1070.004
Chimera,T1070.006
Chimera,T1071.001
Chimera,T1071.004
Chimera,T1074.001
Chimera,T1074.002
Chimera,T1078
Chimera,T1078.002
Chimera,T1082
Chimera,T1083
Chimera,T1087.001
Chimera,T1087.002
Chimera,T1105
Chimera,T1106
Chimera,T1110.003
Chimera,T1110.004
Chimera,T1111
Chimera,T1114.001
Chimera,T1114.002
Chimera,T1119
Chimera,T1124
Chimera,T1133
Chimera,T1135
Chimera,T1201
Chimera,T1213.002
Chimera,T1217
Chimera,T1482
Chimera,T1550.002
Chimera,T1556.001
Chimera,T1560.001
Chimera,T1567.002
Chimera,T1569.002
Chimera,T1570
Chimera,T1572
Chimera,T1574.001
Chimera,T1588.002
Chimera,T1589.001
Cinnamon Tempest,T1021.002
Cinnamon Tempest,T1047
Cinnamon Tempest,T1059.001
Cinnamon Tempest,T1059.003
Cinnamon Tempest,T1059.006
Cinnamon Tempest,T1078
Cinnamon Tempest,T1078.002
Cinnamon Tempest,T1080
Cinnamon Tempest,T1090
Cinnamon Tempest,T1105
Cinnamon Tempest,T1140
Cinnamon Tempest,T1190
Cinnamon Tempest,T1484.001
Cinnamon Tempest,T1543.003
Cinnamon Tempest,T1567.002
Cinnamon Tempest,T1572
Cinnamon Tempest,T1574.001
Cinnamon Tempest,T1588.002
Cinnamon Tempest,T1657
Cleaver,T1003.001
Cleaver,T1557.002
Cleaver,T1585.001
Cleaver,T1587.001
Cleaver,T1588.002
Cobalt Group,T1021.001
Cobalt Group,T1027.010
Cobalt Group,T1037.001
Cobalt Group,T1046
Cobalt Group,T1053.005
Cobalt Group,T1055
Cobalt Group,T1059.001
Cobalt Group,T1059.003
Cobalt Group,T1059.005
Cobalt Group,T1059.007
Cobalt Group,T1068
Cobalt Group,T1070.004
Cobalt Group,T1071.001
Cobalt Group,T1071.004
Cobalt Group,T1105
Cobalt Group,T1195.002
Cobalt Group,T1203
Cobalt Group,T1204.001
Cobalt Group,T1204.002
Cobalt Group,T1218.003
Cobalt Group,T1218.008
Cobalt Group,T1218.010
Cobalt Group,T1219
Cobalt Group,T1220
Cobalt Group,T1518.001
Cobalt Group,T1543.003
Cobalt Group,T1547.001
Cobalt Group,T1548.002
Cobalt Group,T1559.002
Cobalt Group,T1566.001
Cobalt Group,T1566.002
Cobalt Group,T1572
Cobalt Group,T1573.002
Cobalt Group,T1588.002
Confucius,T1041
Confucius,T1053.005
Confucius,T1059.001
Confucius,T1059.005
Confucius,T1071.001
Confucius,T1082
Confucius,T1083
Confucius,T1105
Confucius,T1119
Confucius,T1203
Confucius,T1204.001
Confucius,T1204.002
Confucius,T1218.005
Confucius,T1221
Confucius,T1547.001
Confucius,T1566.001
Confucius,T1566.002
Confucius,T1567.002
Confucius,T1583.006
CopyKittens,T1059.001
CopyKittens,T1090
CopyKittens,T1218.011
CopyKittens,T1553.002
CopyKittens,T1560.001
CopyKittens,T1560.003
CopyKittens,T1564.003
CopyKittens,T1588.002
Daggerfly,T1003.002
Daggerfly,T1012
Daggerfly,T1036.003
Daggerfly,T1053.005
Daggerfly,T1059.001
Daggerfly,T1071.001
Daggerfly,T1082
Daggerfly,T1105
Daggerfly,T1136.001
Daggerfly,T1189
Daggerfly,T1195.002
Daggerfly,T1204.001
Daggerfly,T1218.011
Daggerfly,T1553.002
Daggerfly,T1574.001
Daggerfly,T1584.004
Daggerfly,T1587.002
Dark Caracal,T1005
Dark Caracal,T1027.002
Dark Caracal,T1027.013
Dark Caracal,T1059.003
Dark Caracal,T1071.001
Dark Caracal,T1083
Dark Caracal,T1113
Dark Caracal,T1189
Dark Caracal,T1204.002
Dark Caracal,T1218.001
Dark Caracal,T1547.001
Dark Caracal,T1566.003
DarkHydrus,T1059.001
DarkHydrus,T1187
DarkHydrus,T1204.002
DarkHydrus,T1221
DarkHydrus,T1564.003
DarkHydrus,T1566.001
DarkHydrus,T1588.002
DarkVishnya,T1040
DarkVishnya,T1046
DarkVishnya,T1059.001
DarkVishnya,T1110
DarkVishnya,T1135
DarkVishnya,T1200
DarkVishnya,T1219
DarkVishnya,T1543.003
DarkVishnya,T1571
DarkVishnya,T1588.002
Darkhotel,T1016
Darkhotel,T1027.013
Darkhotel,T1036.005
Darkhotel,T1056.001
Darkhotel,T1057
Darkhotel,T1059.003
Darkhotel,T1080
Darkhotel,T1082
Darkhotel,T1083
Darkhotel,T1091
Darkhotel,T1105
Darkhotel,T1124
Darkhotel,T1140
Darkhotel,T1189
Darkhotel,T1203
Darkhotel,T1204.002
Darkhotel,T1497
Darkhotel,T1497.001
Darkhotel,T1497.002
Darkhotel,T1518.001
Darkhotel,T1547.001
Darkhotel,T1553.002
Darkhotel,T1566.001
Darkhotel,T1573.001
Deep Panda,T1018
Deep Panda,T1021.002
Deep Panda,T1027.005
Deep Panda,T1047
Deep Panda,T1057
Deep Panda,T1059.001
Deep Panda,T1218.010
Deep Panda,T1505.003
Deep Panda,T1546.008
Deep Panda,T1564.003
Dragonfly,T1003.002
Dragonfly,T1003.003
Dragonfly,T1003.004
Dragonfly,T1005
Dragonfly,T1012
Dragonfly,T1016
Dragonfly,T1018
Dragonfly,T1021.001
Dragonfly,T1033
Dragonfly,T1036.010
Dragonfly,T1053.005
Dragonfly,T1059
Dragonfly,T1059.001
Dragonfly,T1059.003
Dragonfly,T1059.006
Dragonfly,T1069.002
Dragonfly,T1070.001
Dragonfly,T1070.004
Dragonfly,T1071.002
Dragonfly,T1074.001
Dragonfly,T1078
Dragonfly,T1083
Dragonfly,T1087.002
Dragonfly,T1098.007
Dragonfly,T1105
Dragonfly,T1110
Dragonfly,T1110.002
Dragonfly,T1112
Dragonfly,T1113
Dragonfly,T1114.002
Dragonfly,T1133
Dragonfly,T1135
Dragonfly,T1136.001
Dragonfly,T1187
Dragonfly,T1189
Dragonfly,T1190
Dragonfly,T1195.002
Dragonfly,T1203
Dragonfly,T1204.002
Dragonfly,T1210
Dragonfly,T1221
Dragonfly,T1505.003
Dragonfly,T1547.001
Dragonfly,T1560
Dragonfly,T1562.004
Dragonfly,T1564.002
Dragonfly,T1566.001
Dragonfly,T1583.001
Dragonfly,T1583.003
Dragonfly,T1584.004
Dragonfly,T1588.002
Dragonfly,T1591.002
Dragonfly,T1595.002
Dragonfly,T1598.002
Dragonfly,T1598.003
Dragonfly,T1608.004
EXOTIC LILY,T1102
EXOTIC LILY,T1203
EXOTIC LILY,T1204.001
EXOTIC LILY,T1204.002
EXOTIC LILY,T1566.001
EXOTIC LILY,T1566.002
EXOTIC LILY,T1566.003
EXOTIC LILY,T1583.001
EXOTIC LILY,T1585.001
EXOTIC LILY,T1585.002
EXOTIC LILY,T1589.002
EXOTIC LILY,T1593.001
EXOTIC LILY,T1594
EXOTIC LILY,T1597
EXOTIC LILY,T1608.001
Earth Lusca,T1003.001
Earth Lusca,T1003.006
Earth Lusca,T1007
Earth Lusca,T1016
Earth Lusca,T1018
Earth Lusca,T1027
Earth Lusca,T1027.003
Earth Lusca,T1033
Earth Lusca,T1036.005
Earth Lusca,T1047
Earth Lusca,T1049
Earth Lusca,T1053
Earth Lusca,T1057
Earth Lusca,T1059.001
Earth Lusca,T1059.005
Earth Lusca,T1059.006
Earth Lusca,T1059.007
Earth Lusca,T1090
Earth Lusca,T1098.004
Earth Lusca,T1112
Earth Lusca,T1140
Earth Lusca,T1189
Earth Lusca,T1190
Earth Lusca,T1204.001
Earth Lusca,T1204.002
Earth Lusca,T1210
Earth Lusca,T1218.005
Earth Lusca,T1482
Earth Lusca,T1543.003
Earth Lusca,T1547.012
Earth Lusca,T1548.002
Earth Lusca,T1560.001
Earth Lusca,T1566.002
Earth Lusca,T1567.002
Earth Lusca,T1574.001
Earth Lusca,T1583.001
Earth Lusca,T1583.004
Earth Lusca,T1583.006
Earth Lusca,T1584.004
Earth Lusca,T1584.006
Earth Lusca,T1588.001
Earth Lusca,T1588.002
Earth Lusca,T1595.002
Earth Lusca,T1608.001
Elderwood,T1027.002
Elderwood,T1027.013
Elderwood,T1105
Elderwood,T1189
Elderwood,T1203
Elderwood,T1204.001
Elderwood,T1204.002
Elderwood,T1566.001
Elderwood,T1566.002
Ember Bear,T1003
Ember Bear,T1003.001
Ember Bear,T1003.002
Ember Bear,T1003.004
Ember Bear,T1005
Ember Bear,T1018
Ember Bear,T1021
Ember Bear,T1036
Ember Bear,T1036.005
Ember Bear,T1046
Ember Bear,T1047
Ember Bear,T1053.005
Ember Bear,T1059.001
Ember Bear,T1070.004
Ember Bear,T1071.004
Ember Bear,T1078.001
Ember Bear,T1090.003
Ember Bear,T1095
Ember Bear,T1110
Ember Bear,T1110.003
Ember Bear,T1112
Ember Bear,T1114
Ember Bear,T1119
Ember Bear,T1125
Ember Bear,T1133
Ember Bear,T1190
Ember Bear,T1195
Ember Bear,T1203
Ember Bear,T1210
Ember Bear,T1491.002
Ember Bear,T1505.003
Ember Bear,T1550.002
Ember Bear,T1552.001
Ember Bear,T1560
Ember Bear,T1561.002
Ember Bear,T1562.001
Ember Bear,T1567.002
Ember Bear,T1570
Ember Bear,T1571
Ember Bear,T1572
Ember Bear,T1583
Ember Bear,T1583.003
Ember Bear,T1585
Ember Bear,T1588.001
Ember Bear,T1588.005
Ember Bear,T1595.001
Ember Bear,T1595.002
Ember Bear,T1654
Equation,T1120
Equation,T1480.001
Equation,T1542.002
Equation,T1564.005
Evilnum,T1059.007
Evilnum,T1070.004
Evilnum,T1105
Evilnum,T1204.001
Evilnum,T1219.002
Evilnum,T1497.001
Evilnum,T1539
Evilnum,T1548.002
Evilnum,T1555
Evilnum,T1566.002
Evilnum,T1574.001
FIN10,T1021.001
FIN10,T1033
FIN10,T1053.005
FIN10,T1059.001
FIN10,T1059.003
FIN10,T1070.004
FIN10,T1078
FIN10,T1078.003
FIN10,T1547.001
FIN10,T1570
FIN10,T1588.002
FIN13,T1003.001
FIN13,T1003.002
FIN13,T1003.003
FIN13,T1005
FIN13,T1016
FIN13,T1016.001
FIN13,T1021.001
FIN13,T1021.002
FIN13,T1021.004
FIN13,T1021.006
FIN13,T1036
FIN13,T1036.004
FIN13,T1036.005
FIN13,T1046
FIN13,T1047
FIN13,T1049
FIN13,T1053.005
FIN13,T1056.001
FIN13,T1059.001
FIN13,T1059.003
FIN13,T1059.005
FIN13,T1069
FIN13,T1071.001
FIN13,T1074.001
FIN13,T1078.001
FIN13,T1082
FIN13,T1083
FIN13,T1087
FIN13,T1087.002
FIN13,T1090.001
FIN13,T1098.007
FIN13,T1105
FIN13,T1133
FIN13,T1134.003
FIN13,T1135
FIN13,T1136.001
FIN13,T1140
FIN13,T1190
FIN13,T1505.003
FIN13,T1547.001
FIN13,T1550.002
FIN13,T1552.001
FIN13,T1556
FIN13,T1560.001
FIN13,T1564.001
FIN13,T1565
FIN13,T1572
FIN13,T1574.001
FIN13,T1587.001
FIN13,T1588.002
FIN13,T1589
FIN13,T1590.004
FIN13,T1657
FIN4,T1056.001
FIN4,T1056.002
FIN4,T1059.005
FIN4,T1071.001
FIN4,T1078
FIN4,T1090.003
FIN4,T1114.002
FIN4,T1204.001
FIN4,T1204.002
FIN4,T1564.008
FIN4,T1566.001
FIN4,T1566.002
FIN5,T1018
FIN5,T1059
FIN5,T1070.001
FIN5,T1070.004
FIN5,T1074.001
FIN5,T1078
FIN5,T1090.002
FIN5,T1110
FIN5,T1119
FIN5,T1133
FIN5,T1588.002
FIN6,T1003.001
FIN6,T1003.003
FIN6,T1005
FIN6,T1018
FIN6,T1021.001
FIN6,T1027.010
FIN6,T1036.004
FIN6,T1046
FIN6,T1047
FIN6,T1048.003
FIN6,T1053.005
FIN6,T1059
FIN6,T1059.001
FIN6,T1059.003
FIN6,T1059.007
FIN6,T1068
FIN6,T1070.004
FIN6,T1074.002
FIN6,T1078
FIN6,T1087.002
FIN6,T1095
FIN6,T1102
FIN6,T1110.002
FIN6,T1119
FIN6,T1134
FIN6,T1204.002
FIN6,T1213
FIN6,T1547.001
FIN6,T1553.002
FIN6,T1555
FIN6,T1555.003
FIN6,T1560
FIN6,T1560.003
FIN6,T1562.001
FIN6,T1566.001
FIN6,T1566.003
FIN6,T1569.002
FIN6,T1572
FIN6,T1573.002
FIN6,T1588.002
FIN7,T1005
FIN7,T1008
FIN7,T1021.001
FIN7,T1021.004
FIN7,T1021.005
FIN7,T1027.010
FIN7,T1027.016
FIN7,T1033
FIN7,T1036.004
FIN7,T1036.005
FIN7,T1047
FIN7,T1053.005
FIN7,T1059
FIN7,T1059.001
FIN7,T1059.003
FIN7,T1059.005
FIN7,T1059.007
FIN7,T1069.002
FIN7,T1071.004
FIN7,T1078
FIN7,T1078.003
FIN7,T1091
FIN7,T1102.002
FIN7,T1105
FIN7,T1113
FIN7,T1125
FIN7,T1190
FIN7,T1195.002
FIN7,T1204.001
FIN7,T1204.002
FIN7,T1210
FIN7,T1218.005
FIN7,T1218.011
FIN7,T1219
FIN7,T1486
FIN7,T1497.002
FIN7,T1543.003
FIN7,T1546.011
FIN7,T1547.001
FIN7,T1553.002
FIN7,T1558.003
FIN7,T1559.002
FIN7,T1566.001
FIN7,T1566.002
FIN7,T1567.002
FIN7,T1571
FIN7,T1583.001
FIN7,T1583.006
FIN7,T1587.001
FIN7,T1588.002
FIN7,T1608.001
FIN7,T1608.004
FIN7,T1674
FIN8,T1003.001
FIN8,T1016.001
FIN8,T1018
FIN8,T1021.001
FIN8,T1021.002
FIN8,T1027.010
FIN8,T1033
FIN8,T1047
FIN8,T1048.003
FIN8,T1053.005
FIN8,T1055.004
FIN8,T1059.001
FIN8,T1059.003
FIN8,T1068
FIN8,T1070.001
FIN8,T1070.004
FIN8,T1071.001
FIN8,T1074.002
FIN8,T1078
FIN8,T1082
FIN8,T1102
FIN8,T1105
FIN8,T1112
FIN8,T1134.001
FIN8,T1204.001
FIN8,T1204.002
FIN8,T1482
FIN8,T1486
FIN8,T1518.001
FIN8,T1546.003
FIN8,T1560.001
FIN8,T1566.001
FIN8,T1566.002
FIN8,T1573.002
FIN8,T1588.002
FIN8,T1588.003
Ferocious Kitten,T1036.002
Ferocious Kitten,T1036.005
Ferocious Kitten,T1204.002
Ferocious Kitten,T1566.001
Ferocious Kitten,T1583.001
Ferocious Kitten,T1588.002
Fox Kitten,T1003.001
Fox Kitten,T1003.003
Fox Kitten,T1005
Fox Kitten,T1012
Fox Kitten,T1018
Fox Kitten,T1021.001
Fox Kitten,T1021.002
Fox Kitten,T1021.004
Fox Kitten,T1021.005
Fox Kitten,T1027.010
Fox Kitten,T1027.013
Fox Kitten,T1036.004
Fox Kitten,T1036.005
Fox Kitten,T1039
Fox Kitten,T1046
Fox Kitten,T1053.005
Fox Kitten,T1059
Fox Kitten,T1059.001
Fox Kitten,T1059.003
Fox Kitten,T1078
Fox Kitten,T1083
Fox Kitten,T1087.001
Fox Kitten,T1087.002
Fox Kitten,T1090
Fox Kitten,T1102
Fox Kitten,T1105
Fox Kitten,T1110
Fox Kitten,T1136.001
Fox Kitten,T1190
Fox Kitten,T1210
Fox Kitten,T1213.005
Fox Kitten,T1217
Fox Kitten,T1505.003
Fox Kitten,T1530
Fox Kitten,T1546.008
Fox Kitten,T1552.001
Fox Kitten,T1555.005
Fox Kitten,T1560.001
Fox Kitten,T1572
Fox Kitten,T1585
Fox Kitten,T1585.001
GALLIUM,T1003.001
GALLIUM,T1003.002
GALLIUM,T1005
GALLIUM,T1016
GALLIUM,T1018
GALLIUM,T1027
GALLIUM,T1027.002
GALLIUM,T1027.005
GALLIUM,T1033
GALLIUM,T1036.003
GALLIUM,T1041
GALLIUM,T1047
GALLIUM,T1049
GALLIUM,T1053.005
GALLIUM,T1059.001
GALLIUM,T1059.003
GALLIUM,T1074.001
GALLIUM,T1078
GALLIUM,T1090.002
GALLIUM,T1105
GALLIUM,T1133
GALLIUM,T1136.002
GALLIUM,T1190
GALLIUM,T1505.003
GALLIUM,T1550.002
GALLIUM,T1553.002
GALLIUM,T1560.001
GALLIUM,T1570
GALLIUM,T1574.001
GALLIUM,T1583.004
GALLIUM,T1588.002
GCMAN,T1021.004
GCMAN,T1021.005
GOLD SOUTHFIELD,T1027.010
GOLD SOUTHFIELD,T1059.001
GOLD SOUTHFIELD,T1113
GOLD SOUTHFIELD,T1133
GOLD SOUTHFIELD,T1190
GOLD SOUTHFIELD,T1195.002
GOLD SOUTHFIELD,T1199
GOLD SOUTHFIELD,T1219
GOLD SOUTHFIELD,T1566
Gallmaker,T1027
Gallmaker,T1059.001
Gallmaker,T1204.002
Gallmaker,T1559.002
Gallmaker,T1560.001
Gallmaker,T1566.001
Gamaredon Group,T1001
Gamaredon Group,T1005
Gamaredon Group,T1016.001
Gamaredon Group,T1020
Gamaredon Group,T1021.005
Gamaredon Group,T1025
Gamaredon Group,T1027
Gamaredon Group,T1027.004
Gamaredon Group,T1027.010
Gamaredon Group,T1027.016
Gamaredon Group,T1033
Gamaredon Group,T1036.005
Gamaredon Group,T1039
Gamaredon Group,T1041
Gamaredon Group,T1047
Gamaredon Group,T1053.005
Gamaredon Group,T1057
Gamaredon Group,T1059.001
Gamaredon Group,T1059.003
Gamaredon Group,T1059.005
Gamaredon Group,T1070.004
Gamaredon Group,T1071.001
Gamaredon Group,T1080
Gamaredon Group,T1082
Gamaredon Group,T1083
Gamaredon Group,T1102
Gamaredon Group,T1102.003
Gamaredon Group,T1105
Gamaredon Group,T1106
Gamaredon Group,T1112
Gamaredon Group,T1113
Gamaredon Group,T1119
Gamaredon Group,T1120
Gamaredon Group,T1137
Gamaredon Group,T1140
Gamaredon Group,T1204.001
Gamaredon Group,T1204.002
Gamaredon Group,T1218.005
Gamaredon Group,T1218.011
Gamaredon Group,T1221
Gamaredon Group,T1480
Gamaredon Group,T1491.001
Gamaredon Group,T1534
Gamaredon Group,T1547.001
Gamaredon Group,T1559.001
Gamaredon Group,T1561.001
Gamaredon Group,T1562.001
Gamaredon Group,T1564.003
Gamaredon Group,T1566.001
Gamaredon Group,T1568
Gamaredon Group,T1568.001
Gamaredon Group,T1583.001
Gamaredon Group,T1583.003
Gamaredon Group,T1588.002
Gamaredon Group,T1608.001
Gorgon Group,T1055.002
Gorgon Group,T1055.012
Gorgon Group,T1059.001
Gorgon Group,T1059.003
Gorgon Group,T1059.005
Gorgon Group,T1105
Gorgon Group,T1106
Gorgon Group,T1112
Gorgon Group,T1140
Gorgon Group,T1204.002
Gorgon Group,T1547.001
Gorgon Group,T1547.009
Gorgon Group,T1562.001
Gorgon Group,T1564.003
Gorgon Group,T1566.001
Gorgon Group,T1588.002
Group5,T1027.013
Group5,T1056.001
Group5,T1070.004
Group5,T1113
HAFNIUM,T1003.001
HAFNIUM,T1003.003
HAFNIUM,T1005
HAFNIUM,T1016
HAFNIUM,T1016.001
HAFNIUM,T1018
HAFNIUM,T1033
HAFNIUM,T1057
HAFNIUM,T1059.001
HAFNIUM,T1059.003
HAFNIUM,T1068
HAFNIUM,T1070.001
HAFNIUM,T1071.001
HAFNIUM,T1078.003
HAFNIUM,T1078.004
HAFNIUM,T1083
HAFNIUM,T1095
HAFNIUM,T1098
HAFNIUM,T1105
HAFNIUM,T1110.003
HAFNIUM,T1114.002
HAFNIUM,T1119
HAFNIUM,T1132.001
HAFNIUM,T1136.002
HAFNIUM,T1190
HAFNIUM,T1199
HAFNIUM,T1213.002
HAFNIUM,T1218.011
HAFNIUM,T1505.003
HAFNIUM,T1530
HAFNIUM,T1550.001
HAFNIUM,T1555.006
HAFNIUM,T1560.001
HAFNIUM,T1564.001
HAFNIUM,T1567.002
HAFNIUM,T1583.003
HAFNIUM,T1583.005
HAFNIUM,T1583.006
HAFNIUM,T1584.005
HAFNIUM,T1589.002
HAFNIUM,T1590
HAFNIUM,T1590.005
HAFNIUM,T1592.004
HAFNIUM,T1593.003
HEXANE,T1010
HEXANE,T1016
HEXANE,T1016.001
HEXANE,T1018
HEXANE,T1021.001
HEXANE,T1027.010
HEXANE,T1033
HEXANE,T1049
HEXANE,T1053.005
HEXANE,T1056.001
HEXANE,T1057
HEXANE,T1059.001
HEXANE,T1059.005
HEXANE,T1069.001
HEXANE,T1082
HEXANE,T1102.002
HEXANE,T1105
HEXANE,T1110
HEXANE,T1110.003
HEXANE,T1204.002
HEXANE,T1518
HEXANE,T1534
HEXANE,T1546.003
HEXANE,T1555
HEXANE,T1555.003
HEXANE,T1567.002
HEXANE,T1583.001
HEXANE,T1583.002
HEXANE,T1585.001
HEXANE,T1585.002
HEXANE,T1586.002
HEXANE,T1588.002
HEXANE,T1589
HEXANE,T1589.002
HEXANE,T1591.004
HEXANE,T1608.001
Higaisa,T1001.003
Higaisa,T1016
Higaisa,T1027.001
Higaisa,T1027.013
Higaisa,T1027.015
Higaisa,T1029
Higaisa,T1036.004
Higaisa,T1041
Higaisa,T1053.005
Higaisa,T1057
Higaisa,T1059.003
Higaisa,T1059.005
Higaisa,T1059.007
Higaisa,T1071.001
Higaisa,T1082
Higaisa,T1090.001
Higaisa,T1106
Higaisa,T1124
Higaisa,T1140
Higaisa,T1203
Higaisa,T1204.002
Higaisa,T1220
Higaisa,T1547.001
Higaisa,T1564.003
Higaisa,T1566.001
Higaisa,T1573.001
Higaisa,T1574.001
INC Ransom,T1021.001
INC Ransom,T1036.005
INC Ransom,T1046
INC Ransom,T1047
INC Ransom,T1049
INC Ransom,T1059.003
INC Ransom,T1069.002
INC Ransom,T1070.004
INC Ransom,T1071
INC Ransom,T1074
INC Ransom,T1078
INC Ransom,T1087.002
INC Ransom,T1105
INC Ransom,T1135
INC Ransom,T1190
INC Ransom,T1219
INC Ransom,T1486
INC Ransom,T1537
INC Ransom,T1560.001
INC Ransom,T1562.001
INC Ransom,T1566
INC Ransom,T1569.002
INC Ransom,T1570
INC Ransom,T1588.002
INC Ransom,T1657
Inception,T1005
Inception,T1027.013
Inception,T1057
Inception,T1059.001
Inception,T1059.005
Inception,T1069.002
Inception,T1071.001
Inception,T1082
Inception,T1083
Inception,T1090.003
Inception,T1102
Inception,T1203
Inception,T1204.002
Inception,T1218.005
Inception,T1218.010
Inception,T1221
Inception,T1518
Inception,T1547.001
Inception,T1555.003
Inception,T1566.001
Inception,T1573.001
Inception,T1588.002
IndigoZebra,T1105
IndigoZebra,T1204.002
IndigoZebra,T1566.001
IndigoZebra,T1583.001
IndigoZebra,T1583.006
IndigoZebra,T1586.002
IndigoZebra,T1588.002
Indrik Spider,T1003.001
Indrik Spider,T1007
Indrik Spider,T1012
Indrik Spider,T1018
Indrik Spider,T1021.001
Indrik Spider,T1021.004
Indrik Spider,T1036.005
Indrik Spider,T1047
Indrik Spider,T1059.001
Indrik Spider,T1059.003
Indrik Spider,T1059.007
Indrik Spider,T1070.001
Indrik Spider,T1074.001
Indrik Spider,T1078
Indrik Spider,T1078.002
Indrik Spider,T1105
Indrik Spider,T1112
Indrik Spider,T1136
Indrik Spider,T1136.001
Indrik Spider,T1204.002
Indrik Spider,T1484.001
Indrik Spider,T1486
Indrik Spider,T1489
Indrik Spider,T1552.001
Indrik Spider,T1555.005
Indrik Spider,T1558.003
Indrik Spider,T1562.001
Indrik Spider,T1567.002
Indrik Spider,T1583
Indrik Spider,T1584.004
Indrik Spider,T1585.002
Indrik Spider,T1587.001
Indrik Spider,T1590
Ke3chang,T1003.001
Ke3chang,T1003.002
Ke3chang,T1003.003
Ke3chang,T1003.004
Ke3chang,T1005
Ke3chang,T1007
Ke3chang,T1016
Ke3chang,T1018
Ke3chang,T1020
Ke3chang,T1021.002
Ke3chang,T1027
Ke3chang,T1033
Ke3chang,T1036.002
Ke3chang,T1036.005
Ke3chang,T1041
Ke3chang,T1049
Ke3chang,T1056.001
Ke3chang,T1057
Ke3chang,T1059
Ke3chang,T1059.003
Ke3chang,T1069.002
Ke3chang,T1071.001
Ke3chang,T1071.004
Ke3chang,T1078
Ke3chang,T1078.004
Ke3chang,T1082
Ke3chang,T1083
Ke3chang,T1087.001
Ke3chang,T1087.002
Ke3chang,T1105
Ke3chang,T1114.002
Ke3chang,T1119
Ke3chang,T1133
Ke3chang,T1140
Ke3chang,T1190
Ke3chang,T1213.002
Ke3chang,T1543.003
Ke3chang,T1547.001
Ke3chang,T1558.001
Ke3chang,T1560
Ke3chang,T1560.001
Ke3chang,T1569.002
Ke3chang,T1583.005
Ke3chang,T1587.001
Ke3chang,T1588.002
Ke3chang,T1614.001
Kimsuky,T1003.001
Kimsuky,T1005
Kimsuky,T1007
Kimsuky,T1012
Kimsuky,T1016
Kimsuky,T1021.001
Kimsuky,T1027
Kimsuky,T1027.002
Kimsuky,T1036.004
Kimsuky,T1036.005
Kimsuky,T1040
Kimsuky,T1041
Kimsuky,T1053.005
Kimsuky,T1055
Kimsuky,T1055.012
Kimsuky,T1056.001
Kimsuky,T1057
Kimsuky,T1059.001
Kimsuky,T1059.003
Kimsuky,T1059.005
Kimsuky,T1059.006
Kimsuky,T1059.007
Kimsuky,T1070.004
Kimsuky,T1070.006
Kimsuky,T1071.001
Kimsuky,T1071.002
Kimsuky,T1071.003
Kimsuky,T1074.001
Kimsuky,T1078.003
Kimsuky,T1082
Kimsuky,T1083
Kimsuky,T1098.007
Kimsuky,T1102.001
Kimsuky,T1102.002
Kimsuky,T1105
Kimsuky,T1111
Kimsuky,T1112
Kimsuky,T1113
Kimsuky,T1114.002
Kimsuky,T1114.003
Kimsuky,T1133
Kimsuky,T1136.001
Kimsuky,T1140
Kimsuky,T1176.001
Kimsuky,T1185
Kimsuky,T1190
Kimsuky,T1204.001
Kimsuky,T1204.002
Kimsuky,T1205
Kimsuky,T1218.005
Kimsuky,T1218.010
Kimsuky,T1218.011
Kimsuky,T1219.002
Kimsuky,T1505.003
Kimsuky,T1518.001
Kimsuky,T1534
Kimsuky,T1539
Kimsuky,T1543.003
Kimsuky,T1546.001
Kimsuky,T1547.001
Kimsuky,T1550.002
Kimsuky,T1552.001
Kimsuky,T1553.002
Kimsuky,T1555.003
Kimsuky,T1557
Kimsuky,T1560.001
Kimsuky,T1560.003
Kimsuky,T1562.001
Kimsuky,T1562.004
Kimsuky,T1564.002
Kimsuky,T1564.003
Kimsuky,T1566
Kimsuky,T1566.001
Kimsuky,T1566.002
Kimsuky,T1567.002
Kimsuky,T1583
Kimsuky,T1583.001
Kimsuky,T1583.004
Kimsuky,T1583.006
Kimsuky,T1584.001
Kimsuky,T1585
Kimsuky,T1585.001
Kimsuky,T1585.002
Kimsuky,T1586.002
Kimsuky,T1587
Kimsuky,T1587.001
Kimsuky,T1588.002
Kimsuky,T1588.003
Kimsuky,T1588.005
Kimsuky,T1589.002
Kimsuky,T1589.003
Kimsuky,T1591
Kimsuky,T1593
Kimsuky,T1593.001
Kimsuky,T1593.002
Kimsuky,T1594
Kimsuky,T1596
Kimsuky,T1598
Kimsuky,T1598.003
Kimsuky,T1608.001
Kimsuky,T1620
Kimsuky,T1656
Kimsuky,T1657
LAPSUS$,T1003.003
LAPSUS$,T1003.006
LAPSUS$,T1005
LAPSUS$,T1068
LAPSUS$,T1069.002
LAPSUS$,T1078
LAPSUS$,T1078.004
LAPSUS$,T1087.002
LAPSUS$,T1090
LAPSUS$,T1098.003
LAPSUS$,T1111
LAPSUS$,T1114.003
LAPSUS$,T1133
LAPSUS$,T1136.003
LAPSUS$,T1199
LAPSUS$,T1204
LAPSUS$,T1213.001
LAPSUS$,T1213.002
LAPSUS$,T1213.003
LAPSUS$,T1213.005
LAPSUS$,T1485
LAPSUS$,T1489
LAPSUS$,T1531
LAPSUS$,T1552.008
LAPSUS$,T1555.003
LAPSUS$,T1555.005
LAPSUS$,T1578.002
LAPSUS$,T1578.003
LAPSUS$,T1583.003
LAPSUS$,T1584.002
LAPSUS$,T1586.002
LAPSUS$,T1588.001
LAPSUS$,T1588.002
LAPSUS$,T1589
LAPSUS$,T1589.001
LAPSUS$,T1589.002
LAPSUS$,T1591.002
LAPSUS$,T1591.004
LAPSUS$,T1593.003
LAPSUS$,T1597.002
LAPSUS$,T1598.004
LAPSUS$,T1621
LAPSUS$,T1656
Lazarus Group,T1001.003
Lazarus Group,T1005
Lazarus Group,T1008
Lazarus Group,T1010
Lazarus Group,T1012
Lazarus Group,T1016
Lazarus Group,T1021.001
Lazarus Group,T1021.002
Lazarus Group,T1021.004
Lazarus Group,T1027.007
Lazarus Group,T1027.009
Lazarus Group,T1027.013
Lazarus Group,T1033
Lazarus Group,T1036.003
Lazarus Group,T1036.004
Lazarus Group,T1036.005
Lazarus Group,T1041
Lazarus Group,T1046
Lazarus Group,T1047
Lazarus Group,T1048.003
Lazarus Group,T1049
Lazarus Group,T1053.005
Lazarus Group,T1055.001
Lazarus Group,T1056.001
Lazarus Group,T1057
Lazarus Group,T1059.001
Lazarus Group,T1059.003
Lazarus Group,T1059.005
Lazarus Group,T1070
Lazarus Group,T1070.003
Lazarus Group,T1070.004
Lazarus Group,T1070.006
Lazarus Group,T1071.001
Lazarus Group,T1074.001
Lazarus Group,T1078
Lazarus Group,T1082
Lazarus Group,T1083
Lazarus Group,T1090.001
Lazarus Group,T1090.002
Lazarus Group,T1098
Lazarus Group,T1102.002
Lazarus Group,T1104
Lazarus Group,T1105
Lazarus Group,T1106
Lazarus Group,T1110.003
Lazarus Group,T1124
Lazarus Group,T1132.001
Lazarus Group,T1134.002
Lazarus Group,T1140
Lazarus Group,T1189
Lazarus Group,T1202
Lazarus Group,T1203
Lazarus Group,T1204.002
Lazarus Group,T1218
Lazarus Group,T1218.005
Lazarus Group,T1218.011
Lazarus Group,T1485
Lazarus Group,T1489
Lazarus Group,T1491.001
Lazarus Group,T1529
Lazarus Group,T1542.003
Lazarus Group,T1543.003
Lazarus Group,T1547.001
Lazarus Group,T1547.009
Lazarus Group,T1553.002
Lazarus Group,T1557.001
Lazarus Group,T1560
Lazarus Group,T1560.002
Lazarus Group,T1560.003
Lazarus Group,T1561.001
Lazarus Group,T1561.002
Lazarus Group,T1562.001
Lazarus Group,T1562.004
Lazarus Group,T1564.001
Lazarus Group,T1566.001
Lazarus Group,T1566.002
Lazarus Group,T1566.003
Lazarus Group,T1571
Lazarus Group,T1573.001
Lazarus Group,T1574.001
Lazarus Group,T1574.013
Lazarus Group,T1583.001
Lazarus Group,T1583.006
Lazarus Group,T1584.004
Lazarus Group,T1585.001
Lazarus Group,T1585.002
Lazarus Group,T1587.001
Lazarus Group,T1588.002
Lazarus Group,T1588.004
Lazarus Group,T1589.002
Lazarus Group,T1591
Lazarus Group,T1620
LazyScripter,T1027.010
LazyScripter,T1036
LazyScripter,T1059.001
LazyScripter,T1059.003
LazyScripter,T1059.005
LazyScripter,T1059.007
LazyScripter,T1071.004
LazyScripter,T1102
LazyScripter,T1105
LazyScripter,T1204.001
LazyScripter,T1204.002
LazyScripter,T1218.005
LazyScripter,T1218.011
LazyScripter,T1547.001
LazyScripter,T1566.001
LazyScripter,T1566.002
LazyScripter,T1583.001
LazyScripter,T1583.006
LazyScripter,T1588.001
LazyScripter,T1608.001
Leafminer,T1003.001
Leafminer,T1003.004
Leafminer,T1003.005
Leafminer,T1018
Leafminer,T1027.010
Leafminer,T1046
Leafminer,T1055.013
Leafminer,T1059.007
Leafminer,T1083
Leafminer,T1110.003
Leafminer,T1114.002
Leafminer,T1136.001
Leafminer,T1189
Leafminer,T1552.001
Leafminer,T1555
Leafminer,T1555.003
Leafminer,T1588.002
Leviathan,T1003
Leviathan,T1003.001
Leviathan,T1021.001
Leviathan,T1021.004
Leviathan,T1027.001
Leviathan,T1027.003
Leviathan,T1027.013
Leviathan,T1027.015
Leviathan,T1041
Leviathan,T1047
Leviathan,T1055.001
Leviathan,T1059.001
Leviathan,T1059.005
Leviathan,T1074.001
Leviathan,T1074.002
Leviathan,T1078
Leviathan,T1090.003
Leviathan,T1102.003
Leviathan,T1105
Leviathan,T1133
Leviathan,T1140
Leviathan,T1189
Leviathan,T1190
Leviathan,T1197
Leviathan,T1203
Leviathan,T1204.001
Leviathan,T1204.002
Leviathan,T1218.010
Leviathan,T1505.003
Leviathan,T1534
Leviathan,T1546.003
Leviathan,T1547.001
Leviathan,T1547.009
Leviathan,T1553.002
Leviathan,T1559.002
Leviathan,T1560
Leviathan,T1566.001
Leviathan,T1566.002
Leviathan,T1567.002
Leviathan,T1572
Leviathan,T1583.001
Leviathan,T1584.004
Leviathan,T1584.008
Leviathan,T1585.001
Leviathan,T1585.002
Leviathan,T1586.001
Leviathan,T1586.002
Leviathan,T1587.004
Leviathan,T1589.001
Leviathan,T1595.002
Lotus Blossom,T1012
Lotus Blossom,T1016
Lotus Blossom,T1016.001
Lotus Blossom,T1018
Lotus Blossom,T1046
Lotus Blossom,T1047
Lotus Blossom,T1049
Lotus Blossom,T1074.001
Lotus Blossom,T1083
Lotus Blossom,T1087.001
Lotus Blossom,T1087.002
Lotus Blossom,T1090.001
Lotus Blossom,T1090.003
Lotus Blossom,T1112
Lotus Blossom,T1134
Lotus Blossom,T1482
Lotus Blossom,T1539
Lotus Blossom,T1543.003
Lotus Blossom,T1560.001
Lotus Blossom,T1560.003
Lotus Blossom,T1588.002
LuminousMoth,T1005
LuminousMoth,T1030
LuminousMoth,T1033
LuminousMoth,T1036.005
LuminousMoth,T1041
LuminousMoth,T1053.005
LuminousMoth,T1071.001
LuminousMoth,T1083
LuminousMoth,T1091
LuminousMoth,T1105
LuminousMoth,T1112
LuminousMoth,T1204.001
LuminousMoth,T1539
LuminousMoth,T1547.001
LuminousMoth,T1553.002
LuminousMoth,T1557.002
LuminousMoth,T1560
LuminousMoth,T1564.001
LuminousMoth,T1566.002
LuminousMoth,T1567.002
LuminousMoth,T1574.001
LuminousMoth,T1587.001
LuminousMoth,T1588.001
LuminousMoth,T1588.002
LuminousMoth,T1588.004
LuminousMoth,T1608.001
LuminousMoth,T1608.004
LuminousMoth,T1608.005
Machete,T1036.005
Machete,T1053.005
Machete,T1059.003
Machete,T1059.005
Machete,T1059.006
Machete,T1189
Machete,T1204.001
Machete,T1204.002
Machete,T1218.007
Machete,T1566.001
Machete,T1566.002
Magic Hound,T1003.001
Magic Hound,T1005
Magic Hound,T1016
Magic Hound,T1016.001
Magic Hound,T1016.002
Magic Hound,T1018
Magic Hound,T1021.001
Magic Hound,T1027.010
Magic Hound,T1027.013
Magic Hound,T1033
Magic Hound,T1036.004
Magic Hound,T1036.005
Magic Hound,T1036.010
Magic Hound,T1046
Magic Hound,T1047
Magic Hound,T1049
Magic Hound,T1053.005
Magic Hound,T1056.001
Magic Hound,T1057
Magic Hound,T1059.001
Magic Hound,T1059.003
Magic Hound,T1059.005
Magic Hound,T1070.003
Magic Hound,T1070.004
Magic Hound,T1071
Magic Hound,T1071.001
Magic Hound,T1078.001
Magic Hound,T1078.002
Magic Hound,T1082
Magic Hound,T1083
Magic Hound,T1087.003
Magic Hound,T1090
Magic Hound,T1098.002
Magic Hound,T1098.007
Magic Hound,T1102.002
Magic Hound,T1105
Magic Hound,T1112
Magic Hound,T1113
Magic Hound,T1114
Magic Hound,T1114.001
Magic Hound,T1114.002
Magic Hound,T1136.001
Magic Hound,T1189
Magic Hound,T1190
Magic Hound,T1204.001
Magic Hound,T1204.002
Magic Hound,T1218.011
Magic Hound,T1482
Magic Hound,T1486
Magic Hound,T1505.003
Magic Hound,T1547.001
Magic Hound,T1560.001
Magic Hound,T1562
Magic Hound,T1562.001
Magic Hound,T1562.002
Magic Hound,T1562.004
Magic Hound,T1564.003
Magic Hound,T1566.002
Magic Hound,T1566.003
Magic Hound,T1567
Magic Hound,T1570
Magic Hound,T1571
Magic Hound,T1572
Magic Hound,T1573
Magic Hound,T1583.001
Magic Hound,T1583.006
Magic Hound,T1584.001
Magic Hound,T1585.001
Magic Hound,T1585.002
Magic Hound,T1586.002
Magic Hound,T1588.002
Magic Hound,T1589
Magic Hound,T1589.001
Magic Hound,T1589.002
Magic Hound,T1590.005
Magic Hound,T1591.001
Magic Hound,T1592.002
Magic Hound,T1595.002
Magic Hound,T1598.003
Malteiro,T1027.013
Malteiro,T1055.001
Malteiro,T1059.005
Malteiro,T1082
Malteiro,T1140
Malteiro,T1204.002
Malteiro,T1518.001
Malteiro,T1555
Malteiro,T1555.003
Malteiro,T1566.001
Malteiro,T1614.001
Malteiro,T1657
Metador,T1027.013
Metador,T1059.003
Metador,T1070.004
Metador,T1071.001
Metador,T1095
Metador,T1105
Metador,T1546.003
Metador,T1588.001
Metador,T1588.002
Moafee,T1027.001
Mofang,T1027.013
Mofang,T1027.015
Mofang,T1204.001
Mofang,T1204.002
Mofang,T1566.001
Mofang,T1566.002
Molerats,T1027.015
Molerats,T1053.005
Molerats,T1057
Molerats,T1059.001
Molerats,T1059.005
Molerats,T1059.007
Molerats,T1105
Molerats,T1140
Molerats,T1204.001
Molerats,T1204.002
Molerats,T1218.007
Molerats,T1547.001
Molerats,T1553.002
Molerats,T1555.003
Molerats,T1566.001
Molerats,T1566.002
Moonstone Sleet,T1003.001
Moonstone Sleet,T1016
Moonstone Sleet,T1027
Moonstone Sleet,T1027.009
Moonstone Sleet,T1027.013
Moonstone Sleet,T1033
Moonstone Sleet,T1053.005
Moonstone Sleet,T1071.001
Moonstone Sleet,T1082
Moonstone Sleet,T1105
Moonstone Sleet,T1140
Moonstone Sleet,T1195.002
Moonstone Sleet,T1204.002
Moonstone Sleet,T1217
Moonstone Sleet,T1486
Moonstone Sleet,T1547.001
Moonstone Sleet,T1566.001
Moonstone Sleet,T1566.003
Moonstone Sleet,T1569.002
Moonstone Sleet,T1583.001
Moonstone Sleet,T1583.003
Moonstone Sleet,T1585.001
Moonstone Sleet,T1585.002
Moonstone Sleet,T1587
Moonstone Sleet,T1587.001
Moonstone Sleet,T1589.002
Moonstone Sleet,T1591
Moonstone Sleet,T1598
Moonstone Sleet,T1598.003
Moonstone Sleet,T1608.001
Moses Staff,T1016
Moses Staff,T1021.002
Moses Staff,T1027.013
Moses Staff,T1082
Moses Staff,T1087.001
Moses Staff,T1105
Moses Staff,T1190
Moses Staff,T1505.003
Moses Staff,T1553.002
Moses Staff,T1562.004
Moses Staff,T1587.001
Moses Staff,T1588.002
MoustachedBouncer,T1027.002
MoustachedBouncer,T1059.001
MoustachedBouncer,T1059.007
MoustachedBouncer,T1068
MoustachedBouncer,T1074.002
MoustachedBouncer,T1090
MoustachedBouncer,T1113
MoustachedBouncer,T1659
MuddyWater,T1003.001
MuddyWater,T1003.004
MuddyWater,T1003.005
MuddyWater,T1016
MuddyWater,T1027.003
MuddyWater,T1027.004
MuddyWater,T1027.010
MuddyWater,T1033
MuddyWater,T1036.005
MuddyWater,T1041
MuddyWater,T1047
MuddyWater,T1049
MuddyWater,T1053.005
MuddyWater,T1057
MuddyWater,T1059.001
MuddyWater,T1059.003
MuddyWater,T1059.005
MuddyWater,T1059.006
MuddyWater,T1059.007
MuddyWater,T1071.001
MuddyWater,T1074.001
MuddyWater,T1082
MuddyWater,T1083
MuddyWater,T1087.002
MuddyWater,T1090.002
MuddyWater,T1102.002
MuddyWater,T1104
MuddyWater,T1105
MuddyWater,T1113
MuddyWater,T1132.001
MuddyWater,T1137.001
MuddyWater,T1140
MuddyWater,T1190
MuddyWater,T1203
MuddyWater,T1204.001
MuddyWater,T1204.002
MuddyWater,T1210
MuddyWater,T1218.003
MuddyWater,T1218.005
MuddyWater,T1218.011
MuddyWater,T1219
MuddyWater,T1518
MuddyWater,T1518.001
MuddyWater,T1547.001
MuddyWater,T1548.002
MuddyWater,T1552.001
MuddyWater,T1555
MuddyWater,T1555.003
MuddyWater,T1559.001
MuddyWater,T1559.002
MuddyWater,T1560.001
MuddyWater,T1562.001
MuddyWater,T1566.001
MuddyWater,T1566.002
MuddyWater,T1573.001
MuddyWater,T1574.001
MuddyWater,T1583.006
MuddyWater,T1588.002
Mustang Panda,T1003.003
Mustang Panda,T1016
Mustang Panda,T1027
Mustang Panda,T1027.016
Mustang Panda,T1036.005
Mustang Panda,T1036.007
Mustang Panda,T1047
Mustang Panda,T1049
Mustang Panda,T1052.001
Mustang Panda,T1053.005
Mustang Panda,T1057
Mustang Panda,T1059.001
Mustang Panda,T1059.003
Mustang Panda,T1059.005
Mustang Panda,T1070.004
Mustang Panda,T1071.001
Mustang Panda,T1074.001
Mustang Panda,T1082
Mustang Panda,T1083
Mustang Panda,T1091
Mustang Panda,T1102
Mustang Panda,T1105
Mustang Panda,T1119
Mustang Panda,T1203
Mustang Panda,T1204.001
Mustang Panda,T1204.002
Mustang Panda,T1218.004
Mustang Panda,T1218.005
Mustang Panda,T1219.002
Mustang Panda,T1518
Mustang Panda,T1546.003
Mustang Panda,T1547.001
Mustang Panda,T1560.001
Mustang Panda,T1560.003
Mustang Panda,T1564.001
Mustang Panda,T1566.001
Mustang Panda,T1566.002
Mustang Panda,T1573.001
Mustang Panda,T1574.001
Mustang Panda,T1583.001
Mustang Panda,T1585.002
Mustang Panda,T1598.003
Mustang Panda,T1608
Mustang Panda,T1608.001
Mustard Tempest,T1036.005
Mustard Tempest,T1082
Mustard Tempest,T1105
Mustard Tempest,T1189
Mustard Tempest,T1204.001
Mustard Tempest,T1566.002
Mustard Tempest,T1583.004
Mustard Tempest,T1583.008
Mustard Tempest,T1584.001
Mustard Tempest,T1608.001
Mustard Tempest,T1608.004
Mustard Tempest,T1608.006
Naikon,T1016
Naikon,T1018
Naikon,T1036.004
Naikon,T1036.005
Naikon,T1046
Naikon,T1047
Naikon,T1053.005
Naikon,T1078.002
Naikon,T1137.006
Naikon,T1204.002
Naikon,T1518.001
Naikon,T1547.001
Naikon,T1566.001
Naikon,T1574.001
Nomadic Octopus,T1036
Nomadic Octopus,T1059.001
Nomadic Octopus,T1059.003
Nomadic Octopus,T1105
Nomadic Octopus,T1204.002
Nomadic Octopus,T1564.003
Nomadic Octopus,T1566.001
OilRig,T1003.001
OilRig,T1003.004
OilRig,T1003.005
OilRig,T1005
OilRig,T1007
OilRig,T1008
OilRig,T1012
OilRig,T1016
OilRig,T1021.001
OilRig,T1021.004
OilRig,T1025
OilRig,T1027.005
OilRig,T1027.013
OilRig,T1033
OilRig,T1036
OilRig,T1036.005
OilRig,T1046
OilRig,T1047
OilRig,T1048.003
OilRig,T1049
OilRig,T1053.005
OilRig,T1056.001
OilRig,T1057
OilRig,T1059
OilRig,T1059.001
OilRig,T1059.003
OilRig,T1059.005
OilRig,T1068
OilRig,T1069.001
OilRig,T1069.002
OilRig,T1070.004
OilRig,T1071.001
OilRig,T1071.004
OilRig,T1078
OilRig,T1078.002
OilRig,T1082
OilRig,T1087.001
OilRig,T1087.002
OilRig,T1105
OilRig,T1110
OilRig,T1112
OilRig,T1113
OilRig,T1115
OilRig,T1119
OilRig,T1120
OilRig,T1133
OilRig,T1137.004
OilRig,T1140
OilRig,T1195
OilRig,T1201
OilRig,T1203
OilRig,T1204.001
OilRig,T1204.002
OilRig,T1218.001
OilRig,T1219
OilRig,T1497.001
OilRig,T1505.003
OilRig,T1543.003
OilRig,T1552.001
OilRig,T1553.002
OilRig,T1555
OilRig,T1555.003
OilRig,T1555.004
OilRig,T1556.002
OilRig,T1562.004
OilRig,T1566.001
OilRig,T1566.002
OilRig,T1566.003
OilRig,T1572
OilRig,T1573.002
OilRig,T1583.001
OilRig,T1586.002
OilRig,T1587.001
OilRig,T1588.002
OilRig,T1588.003
OilRig,T1608.001
Orangeworm,T1021.002
Orangeworm,T1071.001
PLATINUM,T1003.001
PLATINUM,T1036
PLATINUM,T1055
PLATINUM,T1056.001
PLATINUM,T1056.004
PLATINUM,T1068
PLATINUM,T1095
PLATINUM,T1105
PLATINUM,T1189
PLATINUM,T1204.002
PLATINUM,T1566.001
POLONIUM,T1078
POLONIUM,T1090
POLONIUM,T1102.002
POLONIUM,T1199
POLONIUM,T1567.002
POLONIUM,T1583.006
POLONIUM,T1588.002
PROMETHIUM,T1036.004
PROMETHIUM,T1036.005
PROMETHIUM,T1078.003
PROMETHIUM,T1189
PROMETHIUM,T1204.002
PROMETHIUM,T1205.001
PROMETHIUM,T1543.003
PROMETHIUM,T1547.001
PROMETHIUM,T1553.002
PROMETHIUM,T1587.002
PROMETHIUM,T1587.003
Patchwork,T1005
Patchwork,T1021.001
Patchwork,T1027.001
Patchwork,T1027.002
Patchwork,T1027.005
Patchwork,T1027.010
Patchwork,T1033
Patchwork,T1036.005
Patchwork,T1053.005
Patchwork,T1055.012
Patchwork,T1059.001
Patchwork,T1059.003
Patchwork,T1059.005
Patchwork,T1070.004
Patchwork,T1074.001
Patchwork,T1082
Patchwork,T1083
Patchwork,T1102.001
Patchwork,T1105
Patchwork,T1112
Patchwork,T1119
Patchwork,T1132.001
Patchwork,T1189
Patchwork,T1197
Patchwork,T1203
Patchwork,T1204.001
Patchwork,T1204.002
Patchwork,T1518.001
Patchwork,T1547.001
Patchwork,T1548.002
Patchwork,T1553.002
Patchwork,T1555.003
Patchwork,T1559.002
Patchwork,T1560
Patchwork,T1566.001
Patchwork,T1566.002
Patchwork,T1574.001
Patchwork,T1587.002
Patchwork,T1588.002
Patchwork,T1598.003
PittyTiger,T1078
PittyTiger,T1588.002
Play,T1003.001
Play,T1016
Play,T1018
Play,T1021.002
Play,T1027.010
Play,T1030
Play,T1048
Play,T1057
Play,T1059.001
Play,T1059.003
Play,T1070.001
Play,T1070.004
Play,T1078
Play,T1078.002
Play,T1078.003
Play,T1082
Play,T1083
Play,T1105
Play,T1133
Play,T1190
Play,T1518.001
Play,T1560.001
Play,T1562.001
Play,T1587.001
Play,T1588.002
Play,T1657
Poseidon Group,T1003
Poseidon Group,T1007
Poseidon Group,T1036.005
Poseidon Group,T1049
Poseidon Group,T1057
Poseidon Group,T1059.001
Poseidon Group,T1087.001
Poseidon Group,T1087.002
Putter Panda,T1027.013
Putter Panda,T1055.001
Putter Panda,T1547.001
Putter Panda,T1562.001
RTM,T1102.001
RTM,T1189
RTM,T1204.002
RTM,T1219.002
RTM,T1547.001
RTM,T1566.001
RTM,T1574.001
Rancor,T1053.005
Rancor,T1059.003
Rancor,T1059.005
Rancor,T1071.001
Rancor,T1105
Rancor,T1204.002
Rancor,T1218.007
Rancor,T1546.003
Rancor,T1566.001
RedCurl,T1003.001
RedCurl,T1005
RedCurl,T1020
RedCurl,T1027
RedCurl,T1036.005
RedCurl,T1039
RedCurl,T1046
RedCurl,T1053.005
RedCurl,T1056.002
RedCurl,T1059.001
RedCurl,T1059.003
RedCurl,T1059.005
RedCurl,T1059.006
RedCurl,T1070.004
RedCurl,T1071.001
RedCurl,T1080
RedCurl,T1082
RedCurl,T1083
RedCurl,T1087.001
RedCurl,T1087.002
RedCurl,T1087.003
RedCurl,T1102
RedCurl,T1114.001
RedCurl,T1119
RedCurl,T1199
RedCurl,T1202
RedCurl,T1204.001
RedCurl,T1204.002
RedCurl,T1218.011
RedCurl,T1537
RedCurl,T1547.001
RedCurl,T1552.001
RedCurl,T1552.002
RedCurl,T1555.003
RedCurl,T1560.001
RedCurl,T1564.001
RedCurl,T1566.001
RedCurl,T1566.002
RedCurl,T1573.001
RedCurl,T1573.002
RedCurl,T1587.001
RedEcho,T1071.001
RedEcho,T1568
RedEcho,T1571
RedEcho,T1573.002
RedEcho,T1583.001
Rocke,T1014
Rocke,T1018
Rocke,T1021.004
Rocke,T1027
Rocke,T1027.002
Rocke,T1027.004
Rocke,T1036.005
Rocke,T1037
Rocke,T1046
Rocke,T1053.003
Rocke,T1055.002
Rocke,T1057
Rocke,T1059.004
Rocke,T1059.006
Rocke,T1070.002
Rocke,T1070.004
Rocke,T1070.006
Rocke,T1071
Rocke,T1071.001
Rocke,T1082
Rocke,T1102
Rocke,T1102.001
Rocke,T1105
Rocke,T1140
Rocke,T1190
Rocke,T1222.002
Rocke,T1496.001
Rocke,T1518.001
Rocke,T1543.002
Rocke,T1547.001
Rocke,T1552.004
Rocke,T1562.001
Rocke,T1562.004
Rocke,T1564.001
Rocke,T1571
Rocke,T1574.006
Saint Bear,T1027.002
Saint Bear,T1027.013
Saint Bear,T1059
Saint Bear,T1059.001
Saint Bear,T1059.003
Saint Bear,T1059.007
Saint Bear,T1112
Saint Bear,T1203
Saint Bear,T1204.001
Saint Bear,T1204.002
Saint Bear,T1497
Saint Bear,T1553.002
Saint Bear,T1562.001
Saint Bear,T1566.001
Saint Bear,T1583.006
Saint Bear,T1589.002
Saint Bear,T1608.001
Saint Bear,T1656
Salt Typhoon,T1021.004
Salt Typhoon,T1040
Salt Typhoon,T1048.003
Salt Typhoon,T1070.002
Salt Typhoon,T1098.004
Salt Typhoon,T1110.002
Salt Typhoon,T1136
Salt Typhoon,T1190
Salt Typhoon,T1562.004
Salt Typhoon,T1572
Salt Typhoon,T1587.001
Salt Typhoon,T1588.002
Salt Typhoon,T1590.004
Salt Typhoon,T1602.002
Sandworm Team,T1003.001
Sandworm Team,T1003.003
Sandworm Team,T1005
Sandworm Team,T1018
Sandworm Team,T1021.002
Sandworm Team,T1027
Sandworm Team,T1027.010
Sandworm Team,T1033
Sandworm Team,T1036
Sandworm Team,T1036.005
Sandworm Team,T1040
Sandworm Team,T1041
Sandworm Team,T1047
Sandworm Team,T1049
Sandworm Team,T1053.005
Sandworm Team,T1056.001
Sandworm Team,T1059.001
Sandworm Team,T1059.005
Sandworm Team,T1070.004
Sandworm Team,T1071.001
Sandworm Team,T1072
Sandworm Team,T1078
Sandworm Team,T1078.002
Sandworm Team,T1082
Sandworm Team,T1083
Sandworm Team,T1087.002
Sandworm Team,T1087.003
Sandworm Team,T1090
Sandworm Team,T1102.002
Sandworm Team,T1105
Sandworm Team,T1106
Sandworm Team,T1132.001
Sandworm Team,T1133
Sandworm Team,T1140
Sandworm Team,T1190
Sandworm Team,T1195
Sandworm Team,T1195.002
Sandworm Team,T1199
Sandworm Team,T1203
Sandworm Team,T1204.001
Sandworm Team,T1204.002
Sandworm Team,T1213
Sandworm Team,T1218.011
Sandworm Team,T1219
Sandworm Team,T1485
Sandworm Team,T1486
Sandworm Team,T1489
Sandworm Team,T1490
Sandworm Team,T1491.002
Sandworm Team,T1499
Sandworm Team,T1505.003
Sandworm Team,T1539
Sandworm Team,T1555.003
Sandworm Team,T1561.002
Sandworm Team,T1566.001
Sandworm Team,T1566.002
Sandworm Team,T1570
Sandworm Team,T1571
Sandworm Team,T1583
Sandworm Team,T1583.001
Sandworm Team,T1583.004
Sandworm Team,T1584.004
Sandworm Team,T1584.005
Sandworm Team,T1585.001
Sandworm Team,T1585.002
Sandworm Team,T1586.001
Sandworm Team,T1587.001
Sandworm Team,T1588.002
Sandworm Team,T1588.006
Sandworm Team,T1589.002
Sandworm Team,T1589.003
Sandworm Team,T1590.001
Sandworm Team,T1591.002
Sandworm Team,T1592.002
Sandworm Team,T1593
Sandworm Team,T1594
Sandworm Team,T1595.002
Sandworm Team,T1598.003
Sandworm Team,T1608.001
Scarlet Mimic,T1036.002
Scattered Spider,T1003.003
Scattered Spider,T1006
Scattered Spider,T1018
Scattered Spider,T1021.007
Scattered Spider,T1068
Scattered Spider,T1074
Scattered Spider,T1083
Scattered Spider,T1087.002
Scattered Spider,T1098.003
Scattered Spider,T1114
Scattered Spider,T1133
Scattered Spider,T1136
Scattered Spider,T1204
Scattered Spider,T1213.003
Scattered Spider,T1213.005
Scattered Spider,T1217
Scattered Spider,T1219
Scattered Spider,T1484.002
Scattered Spider,T1486
Scattered Spider,T1530
Scattered Spider,T1538
Scattered Spider,T1539
Scattered Spider,T1552.001
Scattered Spider,T1552.004
Scattered Spider,T1553.002
Scattered Spider,T1556.006
Scattered Spider,T1556.009
Scattered Spider,T1564.008
Scattered Spider,T1567.002
Scattered Spider,T1578.002
Scattered Spider,T1580
Scattered Spider,T1598
Scattered Spider,T1598.004
Scattered Spider,T1621
Scattered Spider,T1656
Scattered Spider,T1657
Sea Turtle,T1027.004
Sea Turtle,T1059.004
Sea Turtle,T1070.002
Sea Turtle,T1071.001
Sea Turtle,T1074.002
Sea Turtle,T1078
Sea Turtle,T1078.003
Sea Turtle,T1114.001
Sea Turtle,T1133
Sea Turtle,T1190
Sea Turtle,T1199
Sea Turtle,T1203
Sea Turtle,T1213
Sea Turtle,T1505.003
Sea Turtle,T1557
Sea Turtle,T1560.001
Sea Turtle,T1562.003
Sea Turtle,T1564.011
Sea Turtle,T1566
Sea Turtle,T1583
Sea Turtle,T1583.001
Sea Turtle,T1583.002
Sea Turtle,T1583.003
Sea Turtle,T1584.002
Sea Turtle,T1588.002
Sea Turtle,T1588.004
Sea Turtle,T1608.003
SideCopy,T1016
SideCopy,T1036.005
SideCopy,T1059.005
SideCopy,T1082
SideCopy,T1105
SideCopy,T1106
SideCopy,T1204.002
SideCopy,T1218.005
SideCopy,T1518
SideCopy,T1518.001
SideCopy,T1566.001
SideCopy,T1574.001
SideCopy,T1584.001
SideCopy,T1598.002
SideCopy,T1608.001
SideCopy,T1614
Sidewinder,T1016
Sidewinder,T1020
Sidewinder,T1027.010
Sidewinder,T1027.013
Sidewinder,T1033
Sidewinder,T1036.005
Sidewinder,T1057
Sidewinder,T1059.001
Sidewinder,T1059.005
Sidewinder,T1059.007
Sidewinder,T1071.001
Sidewinder,T1074.001
Sidewinder,T1082
Sidewinder,T1083
Sidewinder,T1105
Sidewinder,T1119
Sidewinder,T1124
Sidewinder,T1203
Sidewinder,T1204.001
Sidewinder,T1204.002
Sidewinder,T1218.005
Sidewinder,T1518
Sidewinder,T1518.001
Sidewinder,T1547.001
Sidewinder,T1559.002
Sidewinder,T1566.001
Sidewinder,T1566.002
Sidewinder,T1574.001
Sidewinder,T1598.002
Sidewinder,T1598.003
Silence,T1003.001
Silence,T1018
Silence,T1021.001
Silence,T1027.010
Silence,T1036.005
Silence,T1053.005
Silence,T1055
Silence,T1059.001
Silence,T1059.003
Silence,T1059.005
Silence,T1059.007
Silence,T1070.004
Silence,T1072
Silence,T1078
Silence,T1090.002
Silence,T1105
Silence,T1106
Silence,T1112
Silence,T1113
Silence,T1125
Silence,T1204.002
Silence,T1218.001
Silence,T1547.001
Silence,T1553.002
Silence,T1566.001
Silence,T1569.002
Silence,T1571
Silence,T1588.002
Silent Librarian,T1078
Silent Librarian,T1110.003
Silent Librarian,T1114
Silent Librarian,T1114.003
Silent Librarian,T1583.001
Silent Librarian,T1585.002
Silent Librarian,T1588.002
Silent Librarian,T1588.004
Silent Librarian,T1589.002
Silent Librarian,T1589.003
Silent Librarian,T1594
Silent Librarian,T1598.003
Silent Librarian,T1608.005
SilverTerrier,T1071.001
SilverTerrier,T1071.002
SilverTerrier,T1071.003
SilverTerrier,T1657
Sowbug,T1003
Sowbug,T1036.005
Sowbug,T1039
Sowbug,T1056.001
Sowbug,T1059.003
Sowbug,T1082
Sowbug,T1083
Sowbug,T1135
Sowbug,T1560.001
Star Blizzard,T1059.007
Star Blizzard,T1078
Star Blizzard,T1114.002
Star Blizzard,T1114.003
Star Blizzard,T1204.002
Star Blizzard,T1539
Star Blizzard,T1550.004
Star Blizzard,T1566.001
Star Blizzard,T1583
Star Blizzard,T1583.001
Star Blizzard,T1585.001
Star Blizzard,T1585.002
Star Blizzard,T1586.002
Star Blizzard,T1588.002
Star Blizzard,T1589
Star Blizzard,T1593
Star Blizzard,T1598.002
Star Blizzard,T1598.003
Star Blizzard,T1608.001
Stealth Falcon,T1005
Stealth Falcon,T1012
Stealth Falcon,T1016
Stealth Falcon,T1033
Stealth Falcon,T1041
Stealth Falcon,T1047
Stealth Falcon,T1053.005
Stealth Falcon,T1057
Stealth Falcon,T1059
Stealth Falcon,T1059.001
Stealth Falcon,T1071.001
Stealth Falcon,T1082
Stealth Falcon,T1555
Stealth Falcon,T1555.003
Stealth Falcon,T1555.004
Stealth Falcon,T1573.001
Storm-1811,T1021.002
Storm-1811,T1021.004
Storm-1811,T1027.013
Storm-1811,T1033
Storm-1811,T1036
Storm-1811,T1036.005
Storm-1811,T1036.010
Storm-1811,T1048.002
Storm-1811,T1056
Storm-1811,T1059.001
Storm-1811,T1059.003
Storm-1811,T1074.001
Storm-1811,T1087.002
Storm-1811,T1105
Storm-1811,T1140
Storm-1811,T1204.002
Storm-1811,T1219.002
Storm-1811,T1222.001
Storm-1811,T1482
Storm-1811,T1486
Storm-1811,T1547.001
Storm-1811,T1566.002
Storm-1811,T1566.003
Storm-1811,T1566.004
Storm-1811,T1570
Storm-1811,T1574.001
Storm-1811,T1583.001
Storm-1811,T1585.003
Storm-1811,T1588.002
Storm-1811,T1656
Storm-1811,T1667
Strider,T1090.001
Strider,T1556.002
Strider,T1564.005
Suckfly,T1003
Suckfly,T1046
Suckfly,T1059.003
Suckfly,T1078
Suckfly,T1553.002
TA2541,T1016.001
TA2541,T1027.002
TA2541,T1027.013
TA2541,T1027.015
TA2541,T1036.005
TA2541,T1047
TA2541,T1053.005
TA2541,T1055
TA2541,T1055.012
TA2541,T1059.001
TA2541,T1059.005
TA2541,T1082
TA2541,T1105
TA2541,T1204.001
TA2541,T1204.002
TA2541,T1218.005
TA2541,T1518.001
TA2541,T1547.001
TA2541,T1562.001
TA2541,T1566.001
TA2541,T1566.002
TA2541,T1568
TA2541,T1573.002
TA2541,T1583.001
TA2541,T1583.006
TA2541,T1588.001
TA2541,T1588.002
TA2541,T1608.001
TA459,T1059.001
TA459,T1059.005
TA459,T1203
TA459,T1204.002
TA459,T1566.001
TA505,T1027.002
TA505,T1027.010
TA505,T1027.013
TA505,T1055.001
TA505,T1059.001
TA505,T1059.003
TA505,T1059.005
TA505,T1059.007
TA505,T1069
TA505,T1071.001
TA505,T1078.002
TA505,T1087.003
TA505,T1105
TA505,T1106
TA505,T1112
TA505,T1140
TA505,T1204.001
TA505,T1204.002
TA505,T1218.007
TA505,T1218.011
TA505,T1486
TA505,T1552.001
TA505,T1553.002
TA505,T1553.005
TA505,T1555.003
TA505,T1559.002
TA505,T1562.001
TA505,T1566.001
TA505,T1566.002
TA505,T1568.001
TA505,T1583.001
TA505,T1588.001
TA505,T1588.002
TA505,T1608.001
TA551,T1027.003
TA551,T1027.010
TA551,T1036
TA551,T1059.003
TA551,T1071.001
TA551,T1105
TA551,T1132.001
TA551,T1204.002
TA551,T1218.005
TA551,T1218.010
TA551,T1218.011
TA551,T1566.001
TA551,T1568.002
TA551,T1589.002
TA577,T1027.009
TA577,T1059.003
TA577,T1059.007
TA577,T1204.001
TA577,T1566.002
TA577,T1586.002
TA578,T1059.007
TA578,T1204.001
TA578,T1583.006
TA578,T1594
TeamTNT,T1007
TeamTNT,T1014
TeamTNT,T1016
TeamTNT,T1021.004
TeamTNT,T1027.002
TeamTNT,T1027.013
TeamTNT,T1036
TeamTNT,T1036.005
TeamTNT,T1046
TeamTNT,T1048
TeamTNT,T1049
TeamTNT,T1057
TeamTNT,T1059.001
TeamTNT,T1059.003
TeamTNT,T1059.004
TeamTNT,T1059.009
TeamTNT,T1070.002
TeamTNT,T1070.003
TeamTNT,T1070.004
TeamTNT,T1071
TeamTNT,T1071.001
TeamTNT,T1074.001
TeamTNT,T1082
TeamTNT,T1083
TeamTNT,T1098.004
TeamTNT,T1102
TeamTNT,T1105
TeamTNT,T1120
TeamTNT,T1133
TeamTNT,T1136.001
TeamTNT,T1140
TeamTNT,T1204.003
TeamTNT,T1219
TeamTNT,T1222.002
TeamTNT,T1496.001
TeamTNT,T1518.001
TeamTNT,T1543.002
TeamTNT,T1543.003
TeamTNT,T1547.001
TeamTNT,T1552.001
TeamTNT,T1552.004
TeamTNT,T1552.005
TeamTNT,T1562.001
TeamTNT,T1562.004
TeamTNT,T1569.003
TeamTNT,T1583.001
TeamTNT,T1587.001
TeamTNT,T1595.001
TeamTNT,T1595.002
TeamTNT,T1608.001
TeamTNT,T1609
TeamTNT,T1610
TeamTNT,T1611
TeamTNT,T1613
The White Company,T1027.002
The White Company,T1070.004
The White Company,T1124
The White Company,T1203
The White Company,T1204.002
The White Company,T1518.001
The White Company,T1566.001
Threat Group-1314,T1021.002
Threat Group-1314,T1059.003
Threat Group-1314,T1072
Threat Group-1314,T1078.002
Threat Group-3390,T1003.001
Threat Group-3390,T1003.002
Threat Group-3390,T1003.004
Threat Group-3390,T1005
Threat Group-3390,T1012
Threat Group-3390,T1016
Threat Group-3390,T1018
Threat Group-3390,T1021.006
Threat Group-3390,T1027.002
Threat Group-3390,T1027.013
Threat Group-3390,T1027.015
Threat Group-3390,T1030
Threat Group-3390,T1033
Threat Group-3390,T1046
Threat Group-3390,T1047
Threat Group-3390,T1049
Threat Group-3390,T1053.002
Threat Group-3390,T1055.012
Threat Group-3390,T1056.001
Threat Group-3390,T1059.001
Threat Group-3390,T1059.003
Threat Group-3390,T1068
Threat Group-3390,T1070.004
Threat Group-3390,T1070.005
Threat Group-3390,T1071.001
Threat Group-3390,T1074.001
Threat Group-3390,T1074.002
Threat Group-3390,T1078
Threat Group-3390,T1087.001
Threat Group-3390,T1105
Threat Group-3390,T1112
Threat Group-3390,T1119
Threat Group-3390,T1133
Threat Group-3390,T1140
Threat Group-3390,T1189
Threat Group-3390,T1190
Threat Group-3390,T1195.002
Threat Group-3390,T1199
Threat Group-3390,T1203
Threat Group-3390,T1204.002
Threat Group-3390,T1210
Threat Group-3390,T1505.003
Threat Group-3390,T1543.003
Threat Group-3390,T1547.001
Threat Group-3390,T1548.002
Threat Group-3390,T1555.005
Threat Group-3390,T1560.002
Threat Group-3390,T1562.002
Threat Group-3390,T1566.001
Threat Group-3390,T1567.002
Threat Group-3390,T1574.001
Threat Group-3390,T1583.001
Threat Group-3390,T1588.002
Threat Group-3390,T1588.003
Threat Group-3390,T1608.001
Threat Group-3390,T1608.002
Threat Group-3390,T1608.004
Thrip,T1048.003
Thrip,T1059.001
Thrip,T1219.002
Thrip,T1588.002
ToddyCat,T1005
ToddyCat,T1018
ToddyCat,T1021.002
ToddyCat,T1036.005
ToddyCat,T1047
ToddyCat,T1049
ToddyCat,T1053.005
ToddyCat,T1057
ToddyCat,T1059.001
ToddyCat,T1059.003
ToddyCat,T1069.002
ToddyCat,T1074.002
ToddyCat,T1078.002
ToddyCat,T1082
ToddyCat,T1083
ToddyCat,T1087.002
ToddyCat,T1095
ToddyCat,T1106
ToddyCat,T1190
ToddyCat,T1518.001
ToddyCat,T1560.001
ToddyCat,T1562.004
ToddyCat,T1564.003
ToddyCat,T1566.003
ToddyCat,T1567.002
Tonto Team,T1003
Tonto Team,T1056.001
Tonto Team,T1059.001
Tonto Team,T1059.006
Tonto Team,T1068
Tonto Team,T1069.001
Tonto Team,T1090.002
Tonto Team,T1105
Tonto Team,T1135
Tonto Team,T1203
Tonto Team,T1204.002
Tonto Team,T1210
Tonto Team,T1505.003
Tonto Team,T1566.001
Tonto Team,T1574.001
Transparent Tribe,T1027.013
Transparent Tribe,T1036.005
Transparent Tribe,T1059.005
Transparent Tribe,T1189
Transparent Tribe,T1203
Transparent Tribe,T1204.001
Transparent Tribe,T1204.002
Transparent Tribe,T1564.001
Transparent Tribe,T1566.001
Transparent Tribe,T1566.002
Transparent Tribe,T1568
Transparent Tribe,T1583.001
Transparent Tribe,T1584.001
Transparent Tribe,T1608.004
Tropic Trooper,T1016
Tropic Trooper,T1020
Tropic Trooper,T1027.003
Tropic Trooper,T1027.013
Tropic Trooper,T1033
Tropic Trooper,T1036.005
Tropic Trooper,T1046
Tropic Trooper,T1049
Tropic Trooper,T1052.001
Tropic Trooper,T1055.001
Tropic Trooper,T1057
Tropic Trooper,T1059.003
Tropic Trooper,T1070.004
Tropic Trooper,T1071.001
Tropic Trooper,T1071.004
Tropic Trooper,T1078.003
Tropic Trooper,T1082
Tropic Trooper,T1083
Tropic Trooper,T1091
Tropic Trooper,T1105
Tropic Trooper,T1106
Tropic Trooper,T1119
Tropic Trooper,T1132.001
Tropic Trooper,T1135
Tropic Trooper,T1140
Tropic Trooper,T1203
Tropic Trooper,T1204.002
Tropic Trooper,T1221
Tropic Trooper,T1505.003
Tropic Trooper,T1518
Tropic Trooper,T1518.001
Tropic Trooper,T1543.003
Tropic Trooper,T1547.001
Tropic Trooper,T1547.004
Tropic Trooper,T1564.001
Tropic Trooper,T1566.001
Tropic Trooper,T1573
Tropic Trooper,T1573.002
Tropic Trooper,T1574.001
Turla,T1005
Turla,T1007
Turla,T1012
Turla,T1016
Turla,T1016.001
Turla,T1018
Turla,T1021.002
Turla,T1025
Turla,T1027.005
Turla,T1027.010
Turla,T1027.011
Turla,T1036.005
Turla,T1049
Turla,T1055
Turla,T1055.001
Turla,T1057
Turla,T1059.001
Turla,T1059.003
Turla,T1059.005
Turla,T1059.006
Turla,T1059.007
Turla,T1068
Turla,T1069.001
Turla,T1069.002
Turla,T1071.001
Turla,T1071.003
Turla,T1078.003
Turla,T1082
Turla,T1083
Turla,T1087.001
Turla,T1087.002
Turla,T1090
Turla,T1090.001
Turla,T1102
Turla,T1102.002
Turla,T1105
Turla,T1106
Turla,T1110
Turla,T1112
Turla,T1120
Turla,T1124
Turla,T1134.002
Turla,T1140
Turla,T1189
Turla,T1201
Turla,T1204.001
Turla,T1213
Turla,T1518.001
Turla,T1546.003
Turla,T1546.013
Turla,T1547.001
Turla,T1547.004
Turla,T1553.006
Turla,T1555.004
Turla,T1560.001
Turla,T1562.001
Turla,T1564.012
Turla,T1566.002
Turla,T1567.002
Turla,T1570
Turla,T1583.006
Turla,T1584.003
Turla,T1584.004
Turla,T1584.006
Turla,T1587.001
Turla,T1588.001
Turla,T1588.002
Turla,T1615
Velvet Ant,T1021.002
Velvet Ant,T1036.005
Velvet Ant,T1037.004
Velvet Ant,T1040
Velvet Ant,T1047
Velvet Ant,T1049
Velvet Ant,T1055
Velvet Ant,T1059.004
Velvet Ant,T1071
Velvet Ant,T1078.003
Velvet Ant,T1083
Velvet Ant,T1090.001
Velvet Ant,T1132
Velvet Ant,T1133
Velvet Ant,T1211
Velvet Ant,T1562.001
Velvet Ant,T1562.004
Velvet Ant,T1569.002
Velvet Ant,T1570
Velvet Ant,T1571
Velvet Ant,T1573.002
Velvet Ant,T1574.001
Volatile Cedar,T1105
Volatile Cedar,T1190
Volatile Cedar,T1505.003
Volatile Cedar,T1595.002
Volatile Cedar,T1595.003
Volt Typhoon,T1003.001
Volt Typhoon,T1003.003
Volt Typhoon,T1005
Volt Typhoon,T1006
Volt Typhoon,T1007
Volt Typhoon,T1010
Volt Typhoon,T1012
Volt Typhoon,T1016
Volt Typhoon,T1016.001
Volt Typhoon,T1018
Volt Typhoon,T1021.001
Volt Typhoon,T1027.002
Volt Typhoon,T1033
Volt Typhoon,T1036.005
Volt Typhoon,T1036.008
Volt Typhoon,T1046
Volt Typhoon,T1047
Volt Typhoon,T1049
Volt Typhoon,T1056.001
Volt Typhoon,T1057
Volt Typhoon,T1059.001
Volt Typhoon,T1059.003
Volt Typhoon,T1059.004
Volt Typhoon,T1068
Volt Typhoon,T1069
Volt Typhoon,T1069.001
Volt Typhoon,T1069.002
Volt Typhoon,T1070.001
Volt Typhoon,T1070.004
Volt Typhoon,T1070.007
Volt Typhoon,T1074
Volt Typhoon,T1074.001
Volt Typhoon,T1078
Volt Typhoon,T1078.002
Volt Typhoon,T1082
Volt Typhoon,T1083
Volt Typhoon,T1087.001
Volt Typhoon,T1087.002
Volt Typhoon,T1090
Volt Typhoon,T1090.001
Volt Typhoon,T1090.003
Volt Typhoon,T1105
Volt Typhoon,T1112
Volt Typhoon,T1113
Volt Typhoon,T1120
Volt Typhoon,T1124
Volt Typhoon,T1133
Volt Typhoon,T1140
Volt Typhoon,T1190
Volt Typhoon,T1217
Volt Typhoon,T1218
Volt Typhoon,T1497.001
Volt Typhoon,T1505.003
Volt Typhoon,T1518
Volt Typhoon,T1552
Volt Typhoon,T1552.004
Volt Typhoon,T1555
Volt Typhoon,T1555.003
Volt Typhoon,T1560.001
Volt Typhoon,T1570
Volt Typhoon,T1573.001
Volt Typhoon,T1584.003
Volt Typhoon,T1584.004
Volt Typhoon,T1584.005
Volt Typhoon,T1584.008
Volt Typhoon,T1587.004
Volt Typhoon,T1588.002
Volt Typhoon,T1588.006
Volt Typhoon,T1589
Volt Typhoon,T1589.002
Volt Typhoon,T1590
Volt Typhoon,T1590.004
Volt Typhoon,T1590.006
Volt Typhoon,T1591
Volt Typhoon,T1591.004
Volt Typhoon,T1592
Volt Typhoon,T1593
Volt Typhoon,T1594
Volt Typhoon,T1596.005
Volt Typhoon,T1614
Volt Typhoon,T1654
WIRTE,T1036.005
WIRTE,T1059.001
WIRTE,T1059.005
WIRTE,T1071.001
WIRTE,T1105
WIRTE,T1140
WIRTE,T1204.002
WIRTE,T1218.010
WIRTE,T1566.001
WIRTE,T1571
WIRTE,T1588.002
Whitefly,T1003.001
Whitefly,T1027.013
Whitefly,T1036.005
Whitefly,T1059
Whitefly,T1068
Whitefly,T1105
Whitefly,T1204.002
Whitefly,T1574.001
Whitefly,T1588.002
Windigo,T1005
Windigo,T1059
Windigo,T1082
Windigo,T1083
Windigo,T1090
Windigo,T1189
Windigo,T1518
Windshift,T1027
Windshift,T1033
Windshift,T1036
Windshift,T1036.001
Windshift,T1047
Windshift,T1057
Windshift,T1059.005
Windshift,T1071.001
Windshift,T1082
Windshift,T1105
Windshift,T1189
Windshift,T1204.001
Windshift,T1204.002
Windshift,T1518
Windshift,T1518.001
Windshift,T1547.001
Windshift,T1566.001
Windshift,T1566.002
Windshift,T1566.003
Winnti Group,T1014
Winnti Group,T1057
Winnti Group,T1083
Winnti Group,T1105
Winnti Group,T1553.002
Winnti Group,T1583.001
Winter Vivern,T1020
Winter Vivern,T1033
Winter Vivern,T1036
Winter Vivern,T1036.004
Winter Vivern,T1041
Winter Vivern,T1053.005
Winter Vivern,T1056.003
Winter Vivern,T1059
Winter Vivern,T1059.001
Winter Vivern,T1059.003
Winter Vivern,T1059.007
Winter Vivern,T1071.001
Winter Vivern,T1082
Winter Vivern,T1083
Winter Vivern,T1105
Winter Vivern,T1113
Winter Vivern,T1114.001
Winter Vivern,T1119
Winter Vivern,T1140
Winter Vivern,T1189
Winter Vivern,T1190
Winter Vivern,T1204.001
Winter Vivern,T1566.001
Winter Vivern,T1583.001
Winter Vivern,T1583.003
Winter Vivern,T1584.006
Winter Vivern,T1595.002
Wizard Spider,T1003.001
Wizard Spider,T1003.002
Wizard Spider,T1003.003
Wizard Spider,T1005
Wizard Spider,T1016
Wizard Spider,T1018
Wizard Spider,T1021
Wizard Spider,T1021.001
Wizard Spider,T1021.002
Wizard Spider,T1021.006
Wizard Spider,T1027.010
Wizard Spider,T1033
Wizard Spider,T1036.004
Wizard Spider,T1041
Wizard Spider,T1047
Wizard Spider,T1048.003
Wizard Spider,T1053.005
Wizard Spider,T1055
Wizard Spider,T1055.001
Wizard Spider,T1059.001
Wizard Spider,T1059.003
Wizard Spider,T1070.004
Wizard Spider,T1071.001
Wizard Spider,T1074
Wizard Spider,T1074.001
Wizard Spider,T1078
Wizard Spider,T1078.002
Wizard Spider,T1082
Wizard Spider,T1087.002
Wizard Spider,T1105
Wizard Spider,T1112
Wizard Spider,T1133
Wizard Spider,T1135
Wizard Spider,T1136.001
Wizard Spider,T1136.002
Wizard Spider,T1197
Wizard Spider,T1204.001
Wizard Spider,T1204.002
Wizard Spider,T1210
Wizard Spider,T1218.011
Wizard Spider,T1222.001
Wizard Spider,T1489
Wizard Spider,T1490
Wizard Spider,T1518
Wizard Spider,T1518.001
Wizard Spider,T1543.003
Wizard Spider,T1547.001
Wizard Spider,T1547.004
Wizard Spider,T1550.002
Wizard Spider,T1552.006
Wizard Spider,T1553.002
Wizard Spider,T1555.004
Wizard Spider,T1557.001
Wizard Spider,T1558.003
Wizard Spider,T1560.001
Wizard Spider,T1562.001
Wizard Spider,T1566.001
Wizard Spider,T1566.002
Wizard Spider,T1567.002
Wizard Spider,T1569.002
Wizard Spider,T1570
Wizard Spider,T1585.002
Wizard Spider,T1588.002
Wizard Spider,T1588.003
ZIRCONIUM,T1012
ZIRCONIUM,T1016
ZIRCONIUM,T1027.002
ZIRCONIUM,T1033
ZIRCONIUM,T1036
ZIRCONIUM,T1036.004
ZIRCONIUM,T1041
ZIRCONIUM,T1059.003
ZIRCONIUM,T1059.006
ZIRCONIUM,T1068
ZIRCONIUM,T1082
ZIRCONIUM,T1090.003
ZIRCONIUM,T1102.002
ZIRCONIUM,T1105
ZIRCONIUM,T1124
ZIRCONIUM,T1140
ZIRCONIUM,T1204.001
ZIRCONIUM,T1218.007
ZIRCONIUM,T1547.001
ZIRCONIUM,T1555.003
ZIRCONIUM,T1566.002
ZIRCONIUM,T1567.002
ZIRCONIUM,T1573.001
ZIRCONIUM,T1583.001
ZIRCONIUM,T1583.006
ZIRCONIUM,T1584.008
ZIRCONIUM,T1598
ZIRCONIUM,T1598.003
ZIRCONIUM,T1665
admin@338,T1007
admin@338,T1016
admin@338,T1036.005
admin@338,T1049
admin@338,T1059.003
admin@338,T1069.001
admin@338,T1082
admin@338,T1083
admin@338,T1087.001
admin@338,T1203
admin@338,T1204.002
admin@338,T1566.001
menuPass,T1003.002
menuPass,T1003.003
menuPass,T1003.004
menuPass,T1005
menuPass,T1016
menuPass,T1018
menuPass,T1021.001
menuPass,T1021.004
menuPass,T1027.013
menuPass,T1036
menuPass,T1036.003
menuPass,T1036.005
menuPass,T1039
menuPass,T1046
menuPass,T1047
menuPass,T1049
menuPass,T1053.005
menuPass,T1055.012
menuPass,T1056.001
menuPass,T1059.001
menuPass,T1059.003
menuPass,T1070.003
menuPass,T1070.004
menuPass,T1074.001
menuPass,T1074.002
menuPass,T1078
menuPass,T1083
menuPass,T1087.002
menuPass,T1090.002
menuPass,T1105
menuPass,T1106
menuPass,T1119
menuPass,T1140
menuPass,T1190
menuPass,T1199
menuPass,T1204.002
menuPass,T1210
menuPass,T1218.004
menuPass,T1553.002
menuPass,T1560
menuPass,T1560.001
menuPass,T1566.001
menuPass,T1568.001
menuPass,T1574.001
menuPass,T1583.001
menuPass,T1588.002
